Pro_Code1,Pro_Code,Dis_Code1,Dis_Code,Vill_Code1,Vill_Code,Village_Code,Vill_Name,Village_Status,HH_Total,People_Total,Women_Total,Etnhics_Majority,Project,Road_Access,Name_HC,Facility_code,Km_HC,Name_DH,Km_DH,Name_PH,Km_PH,Avg_HH_Size,Poor_HH,Expost_Code,Village_Town,HEF_Members1,SHEF_Members,DH_catg,Mem_Year
13,13,5,1305,1,001,1305001,ìø¦½ÀìÈ¨,1,23,145,73,2,3,1,PB-HC,12,12,Sepone DH,100,SVK-PH,308, 6.3 ,, 507 ,,145,100%,E. 51-100,2014
13,13,5,1305,2,002,1305002,ì½À¸ó­,1,17,112,55,2,3,1,PB-HC,12,15,Sepone DH,110,SVK-PH,321, 6.6 ,, 508 ,,112,100%,F. 100+,2014
13,13,5,1305,3,003,1305003,ª½¯º¤,1,57,191,86,2,3,1,PB-HC,12,9,Sepone DH,120,SVK-PH,325, 3.4 ,, 509 ,,191,100%,F. 100+,2014
13,13,5,1305,4,004,1305004,¡üº¡ + ì¾¡ + ¥¼¤ªø®,1,97,583,269,2,3,1,PB-HC,12,11,Sepone DH,125,SVK-PH,332, 6.0 ,, 510 ,,583,100%,F. 100+,2014
13,13,5,1305,5,005,1305005,¦ö®¦½ìø + ì½´¾¨ + ª½ëö¸½,1,84,335,181,2,3,1,PB-HC,12,10,Sepone DH,76,SVK-PH,282, 4.0 ,, 511 ,,335,100%,E. 51-100,2014
13,13,5,1305,6,006,1305006,­¾ + ¹ìñ¤¡ö­,1,110,489,242,2,1,2,PB-HC,12,8,Sepone DH,85,SVK-PH,289, 4.4 ,, 512 ,,489,100%,E. 51-100,2014
13,13,5,1305,7,007,1305007,¦½¯º¤,1,56,253,126,2,1,2,PB-HC,12,13,Sepone DH,67,SVK-PH,276, 4.5 ,, 513 ,,253,100%,E. 51-100,2014
13,13,5,1305,8,008,1305008,°¾®ñ¤ + êÈ¾²ó¤ + ¡½©ð,1,177,933,456,2,1,3,PB-HC,12,1,Sepone DH,75,SVK-PH,272, 5.3 ,, 514 ,,933,100%,E. 51-100,2014
13,13,5,1305,9,009,1305009,ÃÏÈ + êÈ¾Á©¤ 2,1,94,435,227,2,1,2,PB-HC,12,6,Sepone DH,70,SVK-PH,272, 4.6 ,, 515 ,,435,100%,E. 51-100,2014
13,13,5,1305,10,010,1305010,­ÕÂê­ + ª½¹ì¾¸,1,87,483,239,2,1,3,PB-HC,12,16,Sepone DH,50,SVK-PH,262, 5.6 ,, 516 ,,483,100%,E. 51-100,2014
13,13,5,1305,11,011,1305011,ì½º¾­,1,31,148,64,2,3,2,LA-HC,15,15,Sepone DH,100,SVK-PH,311, 4.8 ,, 517 ,,148,100%,E. 51-100,2014
13,13,5,1305,12,012,1305012,¡ö¡Ï¾¡,1,43,223,117,2,1,2,LA-HC,15,3,Sepone DH,120,SVK-PH,319, 5.2 ,, 518 ,,223,100%,F. 100+,2014
13,13,5,1305,13,013,1305013,ª½À¯õº,1,57,350,165,2,1,2,LA-HC,15,2,Sepone DH,110,SVK-PH,308, 6.1 ,, 519 ,,350,100%,F. 100+,2014
13,13,5,1305,14,014,1305014,ì½¤ó,1,42,212,98,2,3,2,LK-HC,14,7,Sepone DH,135,SVK-PH,338, 5.0 ,, 520 ,,212,100%,F. 100+,2014
13,13,5,1305,15,015,1305015,º¾¸¼­ + ¦½ªó¤,1,55,263,124,2,1,2,LK-HC,14,9,Sepone DH,70,SVK-PH,275, 4.8 ,, 521 ,,263,100%,E. 51-100,2014
13,13,5,1305,16,016,1305016,¡½ì¾¡,1,47,213,108,2,1,2,LK-HC,14,12,Sepone DH,115,SVK-PH,323, 4.5 ,, 522 ,,213,100%,F. 100+,2014
13,13,5,1305,17,017,1305017,¯½µø¨,1,34,195,100,2,1,2,LK-HC,14,11,Sepone DH,70,SVK-PH,277, 5.7 ,, 523 ,,195,100%,E. 51-100,2014
13,13,5,1305,18,018,1305018,ì½Â¡,1,72,417,208,2,1,2,LK-HC,14,17,Sepone DH,74,SVK-PH,287, 5.8 ,, 524 ,,417,100%,E. 51-100,2014
13,13,5,1305,19,019,1305019,¦½©ø­,1,38,189,96,2,1,2,LK-HC,14,22,Sepone DH,68,SVK-PH,286, 5.0 ,, 525 ,,189,100%,E. 51-100,2014
13,13,5,1305,20,020,1305020,¦½Áì½ÃªÉ + ¦½Áì­ÀÎõº,1,111,458,232,2,1,3,SL-HC,13,20,Sepone DH,62,SVK-PH,278, 4.1 ,, 526 ,,458,100%,E. 51-100,2014
13,13,5,1305,21,021,1305021,ÃÏÈ¦½¡ó + ¸ñ¤Àìò¡ + ®ø©,1,77,454,227,2,1,1,SL-HC,13,21,Sepone DH,77,SVK-PH,294, 5.9 ,, 527 ,,454,100%,E. 51-100,2014
13,13,5,1305,22,022,1305022,ªÒÀ»õº + ¦½¡ó,1,46,201,103,2,1,3,SL-HC,13,27,Sepone DH,50,SVK-PH,273, 4.4 ,, 528 ,,201,100%,E. 51-100,2014
13,13,5,1305,23,023,1305023,ì½Àªõº¤ + ª½Áì¡,1,47,249,122,2,1,2,SL-HC,13,23,Sepone DH,31,SVK-PH,250, 5.3 ,, 529 ,,249,100%,D. 21-50,2014
13,13,5,1305,24,024,1305024,º¾¦ò¤ + ¡ö¡¡øÉ,1,128,652,329,2,1,2,DaenSV-HC,9,20,Sepone DH,60,SVK-PH,276, 5.1 ,, 530 ,,164,25%,E. 51-100,2014
13,13,5,1305,25,025,1305025,¡½ªø®­Éº¨,1,60,332,170,2,1,3,DaenSV-HC,9,45,Sepone DH,65,SVK-PH,306, 5.5 ,, 531 ,,93,28%,E. 51-100,2014
13,13,5,1305,26,026,1305026,¡½ªø®Ã¹¨È,2,47,269,140,2,1,2,DaenSV-HC,9,50,Sepone DH,45,SVK-PH,291, 5.7 ,, 532 ,,43,16%,D. 21-50,2014
13,13,5,1305,27,027,1305027,´½»¾©,1,145,658,340,2,1,2,DaenSV-HC,9,80,Sepone DH,77,SVK-PH,353, 4.5 ,, 533 ,,148,22%,E. 51-100,2014
13,13,5,1305,28,028,1305028,¡½Á¹ì¤,1,45,252,122,2,1,2,DaenSV-HC,9,65,Sepone DH,85,SVK-PH,346, 5.6 ,, 534 ,,81,32%,E. 51-100,2014
13,13,5,1305,29,029,1305029,¥¼¤,1,62,329,166,2,1,2,DaenSV-HC,9,45,Sepone DH,105,SVK-PH,346, 5.3 ,, 535 ,,180,55%,F. 100+,2014
13,13,5,1305,30,030,1305030,¸ñ¤®ò¤ + ¯½µø©,1,79,416,206,2,1,2,DaenSV-HC,9,35,Sepone DH,46,SVK-PH,277, 5.3 ,, 536 ,,302,73%,D. 21-50,2014
13,13,5,1305,31,031,1305031,¦½Ïø­ + Á¡É¤µ¾¤,1,142,790,361,2,1,3,DaenSV-HC,9,10,Sepone DH,36,SVK-PH,242, 5.6 ,, 537 ,,239,30%,D. 21-50,2014
13,13,5,1305,32,032,1305032,Á¡É¤¡ö¡ + Îº¤ÎÉ¼¸ + »ô¡,1,158,858,463,2,1,3,DaenSV-HC,9,15,Sepone DH,41,SVK-PH,252, 5.4 ,, 538 ,,317,37%,D. 21-50,2014
13,13,5,1305,33,033,1305033,¡¾©ñ®,1,91,278,140,1,1,3,DongSV-HC,8,8,Sepone DH,30,SVK-PH,234, 3.1 ,, 539 ,,45,16%,D. 21-50,2014
13,13,5,1305,34,034,1305034,¦½¡ó²ò­ + ¦¾¤,1,157,840,451,2,1,3,DongSV-HC,8,14,Sepone DH,28,SVK-PH,238, 5.4 ,, 540 ,,309,37%,D. 21-50,2014
13,13,5,1305,35,035,1305035,©ö¤Ã¹¨È + ¸ñ¤Àºó¨,1,129,800,388,2,1,3,DongSV-HC,8,3,Sepone DH,25,SVK-PH,224, 6.2 ,, 541 ,,217,27%,D. 21-50,2014
13,13,5,1305,36,036,1305036,º¾¹ð + ¦½©ô¤ + ª¾ÎÈ¾¤,1,114,575,286,2,1,3,DongSV-HC,8,16,Sepone DH,32,SVK-PH,244, 5.0 ,, 542 ,,204,35%,D. 21-50,2014
13,13,5,1305,37,037,1305037,Á¡É¤¹ì¸¤Ã¹¨È + Á¡É¤¹ì¸¤­Éº¨ + º¾©º­,2,141,698,356,2,1,2,DongSV-HC,8,5,Sepone DH,18,SVK-PH,219, 5.0 ,, 543 ,,207,30%,C. 11-20,2014
13,13,5,1305,38,038,1305038,Á¡É¤ + Á¡É¤Á¯,1,101,871,447,2,1,3,DongSV-HC,8,13,Sepone DH,19,SVK-PH,228, 8.6 ,, 544 ,,121,14%,C. 11-20,2014
13,13,5,1305,39,039,1305039,¯ú¾ÄìÈ + ì½Áº­ + ¦½¯¾­,1,141,735,382,2,1,2,DongSV-HC,8,10,Sepone DH,50,SVK-PH,256, 5.2 ,, 545 ,,735,100%,E. 51-100,2014
13,13,5,1305,40,040,1305040,ì½£ô´ + ¦½êô´,1,148,541,268,2,1,2,DongSV-HC,8,15,Sepone DH,45,SVK-PH,256, 3.7 ,, 546 ,,541,100%,D. 21-50,2014
13,13,5,1305,41,041,1305041,º¾ì¾¤Ã¹¨È + º¾ì¾¤­Éº¨ + Á¡É¤Ä£,1,184,812,420,2,1,3,DongSV-HC,8,17,Sepone DH,15,SVK-PH,228, 4.4 ,, 547 ,,322,40%,C. 11-20,2014
13,13,5,1305,42,042,1305042,¡½Á¹ì¤¡¾¤ + ¡½ì÷¡ + Á»¤¹ì¸¤ + ¸ñ¤¦½ìð,2,34,490,226,2,1,2,DongSV-HC,8,13,Sepone DH,17,SVK-PH,226, 14.4 ,, 548 ,,211,43%,C. 11-20,2014
13,13,5,1305,43,043,1305043,À§Â¯­,2,75,373,184,1,1,3,DH,5,0,Sepone DH,5,SVK-PH,213, 5.0 ,, 549 , 1 ,18,5%,B. 4-10,2014
13,13,5,1305,44,044,1305044,À´õº¤Á¦­ + ¸ñ¤®÷­ + ¹É¸¨»º¡,2,45,1064,572,2,1,3,DH,5,0,Sepone DH,7,SVK-PH,201, 23.6 ,, 550 ,,187,18%,B. 4-10,2014
13,13,5,1305,45,045,1305045,À´õº¤¥ñ­ + ¡½ì÷¡­º¡ + ­¾¹ì‰´ + Á¡É¤¥º¤ + ¹É¸¨ì½º¾,1,148,962,481,2,1,3,DH,5,0,Sepone DH,11,SVK-PH,203, 6.5 ,, 551 ,,305,32%,C. 11-20,2014
13,13,5,1305,46,046,1305046,º¾Äìú + ©ö¤­Éº¨ + Á¡É¤êº¤ + ¡½Á¹ì¤ÃÏÈ,1,64,1723,542,2,1,3,DH,5,0,Sepone DH,15,SVK-PH,207, 26.9 ,, 552 ,,202,12%,C. 11-20,2014
13,13,5,1305,47,047,1305047,¹û¸¨Á¥û¤À¡‰¾ + ¹É¸¨Á¥û¤ÃÏÈ,1,61,450,231,2,1,3,DH,5,0,Sepone DH,3,SVK-PH,211, 7.4 ,, 553 , 1 ,78,17%,A. 0-3,2014
13,13,5,1305,48,048,1305048,¸ñ¤Á¨¤Ã¹¨È + ¸ñ¤Á¨¤­Éº¨,1,109,519,285,2,1,3,DongSV-HC,8,14,Sepone DH,14,SVK-PH,213, 4.8 ,, 554 ,,478,92%,C. 11-20,2014
13,13,5,1305,49,049,1305049,Á£¸ò¤ + ¦½ºóªñ­,1,80,412,209,2,1,2,DH,5,0,Sepone DH,12,SVK-PH,210, 5.2 ,, 555 ,,376,91%,C. 11-20,2014
13,13,5,1305,50,050,1305050,¹û¸¨ªñ­ + ¹É¸¨²ö¤ + ¸ñ¤§É¾¤,1,61,352,175,2,1,3,DH,5,0,Sepone DH,4,SVK-PH,208, 5.8 ,, 556 , 1 ,300,85%,B. 4-10,2014
13,13,5,1305,51,051,1305051,¦½Á¡¤,1,72,399,204,2,1,1,PH-HC,10,0,Sepone DH,19,SVK-PH,200, 5.5 ,, 557 ,,131,33%,C. 11-20,2014
13,13,5,1305,52,052,1305052,²½Âì½ + ¡½êò + ¡ö¡¦É¾­,1,50,186,88,2,1,1,PH-HC,10,12,Sepone DH,30,SVK-PH,227, 3.7 ,, 558 ,,132,71%,D. 21-50,2014
13,13,5,1305,53,053,1305053,¹û¸¨¨ˆ¤,1,62,230,75,2,1,1,PH-HC,10,3,Sepone DH,14,SVK-PH,229, 3.7 ,, 559 ,,127,55%,C. 11-20,2014
13,13,5,1305,54,054,1305054,ªý¾¨,1,70,356,174,2,1,1,SL-HC,13,25,Sepone DH,70,SVK-PH,235, 5.1 ,, 560 ,,356,100%,E. 51-100,2014
13,13,5,1305,55,055,1305055,¹ö¸­¾ + º¾Àìó­ + ¯÷¤©ò­ÏÓ,1,113,449,226,2,1,1,SL-HC,13,19,Sepone DH,75,SVK-PH,290, 4.0 ,, 561 ,,449,100%,E. 51-100,2014
13,13,5,1305,56,056,1305056,§¼¤»‰´ + ¸ñ¤¹ó­ + ¡½À­®,2,179,477,228,2,1,1,SL-HC,13,15,Sepone DH,80,SVK-PH,291, 2.7 ,, 562 ,,477,100%,E. 51-100,2014
13,13,5,1305,57,057,1305057,£ø­ + ¦½­º¨,1,69,274,138,2,1,1,SL-HC,13,18,Sepone DH,90,SVK-PH,304, 4.0 ,, 563 ,,274,100%,E. 51-100,2014
13,13,5,1305,58,058,1305058,¦½À¸©ÃªÉ + ¦½À¸©ÀÎõº,1,63,323,164,2,1,3,PH-HC,10,4,Sepone DH,15,SVK-PH,215, 5.1 ,, 564 ,,149,46%,C. 11-20,2014
13,13,5,1305,59,059,1305059,¯½¤¾ + ­Õ£É¾¤ + ¹É¸¨¯ø­ÃªÉ,1,74,475,284,2,1,3,PH-HC,10,7,Sepone DH,25,SVK-PH,228, 6.4 ,, 565 ,,151,32%,D. 21-50,2014
13,13,5,1305,60,060,1305060,ì¾©¹Ó + ì¾©¦É¾­ + ¹É¸¨¯ø­ÀÎõº+¡½ìùÈ,1,150,734,375,2,1,3,LH-HC,11,8,Sepone DH,31,SVK-PH,235, 4.9 ,, 566 ,,734,100%,D. 21-50,2014
13,13,5,1305,61,061,1305061,­¾Âê­+«Õ¹¾´,1,73,375,194,1,1,3,LH-HC,11,5,Sepone DH,51,SVK-PH,252, 5.1 ,, 567 ,,375,100%,E. 51-100,2014
13,13,5,1305,62,062,1305062,¸ñ¤Ä» + ¦½ì÷¤ + ¸ñ¤²É¾¸ + Á¡É¤¥½¹ìº¤+¸ñ¤°¾,1,128,627,295,2,1,3,LH-HC,11,11,Sepone DH,68,SVK-PH,275, 4.9 ,, 568 ,,627,100%,E. 51-100,2014
13,13,5,1305,63,063,1305063,¦ö®´óú + ¦º¤Á£,1,94,490,258,2,1,3,SM-HC,7,1,Sepone DH,18,SVK-PH,215, 5.2 ,, 569 ,,164,33%,C. 11-20,2014
13,13,5,1305,64,064,1305064,Á¡É¤£õ® + êÈ¾´º¤,1,97,536,243,2,1,3,SM-HC,7,3,Sepone DH,16,SVK-PH,215, 5.5 ,, 570 ,,134,25%,C. 11-20,2014
13,13,5,1305,65,065,1305065,¸ñ¤ÏÓê÷É´ + ¡½¥ø­,1,114,369,192,2,1,2,SM-HC,7,8,Sepone DH,27,SVK-PH,231, 3.2 ,, 571 ,,38,10%,D. 21-50,2014
13,13,5,1305,66,066,1305066,ì¾© + ²ø¡½¥½+²ø»º´,1,54,221,116,2,1,2,SM-HC,7,13,Sepone DH,40,SVK-PH,249, 4.1 ,, 572 ,,221,100%,D. 21-50,2014
13,13,5,1305,67,067,1305067,Á¡É¤¹ö¸¯¾,1,62,493,225,2,1,3,DH,5,0,Sepone DH,8,SVK-PH,204, 8.0 ,, 573 ,,415,84%,B. 4-10,2014
13,13,5,1305,68,068,1305068,êú¾À´½,1,101,543,280,2,1,3,MC-HC,6,20,Sepone DH,30,SVK-PH,246, 5.4 ,, 574 ,,64,12%,D. 21-50,2014
13,13,5,1305,69,069,1305069,­¾¹ö¸­Õ,1,85,447,226,2,1,3,MC-HC,6,25,Sepone DH,23,SVK-PH,244, 5.3 ,, 575 ,,83,19%,D. 21-50,2014
13,13,5,1305,70,070,1305070,ì½ºðÀ¡‰¾ + ì½ºðÃÏÈ,1,176,943,490,2,1,2,MC-HC,6,20,Sepone DH,40,SVK-PH,256, 5.4 ,, 576 ,,108,11%,D. 21-50,2014
13,13,5,1305,71,071,1305071,Á¡É¤¡¸ó,2,58,321,143,2,1,3,MC-HC,6,17,Sepone DH,22,SVK-PH,235, 5.5 ,, 577 ,,6,2%,D. 21-50,2014
13,13,5,1305,72,072,1305072,´ñ­¥ó + ¸ñ¤£ö©,2,99,314,164,2,1,3,MC-HC,6,2,Sepone DH,20,SVK-PH,218, 3.2 ,,578,,155,49%,C. 11-20,2014
13,13,5,1305,73,073,1305073,­¾¹ì¸¤Ã¹¨È + ­¾¹ì¸¤­Éº¨,1,89,474,234,2,1,3,MC-HC,6,4,Sepone DH,18,SVK-PH,218, 5.3 ,,579,,175,37%,C. 11-20,2014
13,13,5,1305,74,074,1305074,ì½Â®¡¾¤ + ¹É¸¨§¾¨ + Îº¤¡ö®,1,127,624,302,2,1,3,MC-HC,6,4,Sepone DH,14,SVK-PH,214, 4.9 ,,580,,161,26%,C. 11-20,2014
13,13,5,1305,75,075,1305075,¸ñ¤¡÷¤ + ì½Â®«Õ + ¡º¤¹ó­,1,95,541,281,2,1,3,MC-HC,6,3,Sepone DH,22,SVK-PH,221, 5.7 ,,581,,198,37%,D. 21-50,2014
13,13,5,1305,76,076,1305076,Á©­¦½¹¸ñ­ + ¯½ì¾© + º¾Âì­,2,428,1923,897,2,1,3,DaenSV-HC,6,1,Sepone DH,45,SVK-PH,242, 4.5 ,,582,,415,22%,D. 21-50,2014
13,13,5,1305,77,077,1305077,À³õº¤ + ¡½¹¾­,2,159,898,441,2,1,3,DaenSV-HC,6,5,Sepone DH,43,SVK-PH,244, 5.6 ,,583,,353,39%,D. 21-50,2014
13,13,5,1305,78,078,1305078,¹û¸¨¦¾­ + ¹É¸¨ì¸¾1 + ¹É¸¨ì¸¾2,1,262,1293,661,2,1,3,DaenSV-HC,9,7,Sepone DH,40,SVK-PH,243, 4.9 ,,584,,184,14%,D. 21-50,2014
13,13,5,1305,79,079,1305079,©ö¤¦½¹¸ñ­ + ¦½Á¹ì¸ + ²½ìËº¤,2,212,1134,543,2,1,3,DongSV-HC,8,1,Sepone DH,23,SVK-PH,220, 5.3 ,,585,,225,20%,D. 21-50,2014
13,13,5,1305,80,080,1305080,êú¾Â¢È¤ + Â²­êº¤,2,202,1101,537,1,1,3,DH,5,0,Sepone DH,2,SVK-PH,198, 5.5 ,,586,1,58,5%,A. 0-3,2014
13,13,5,1305,81,081,1305081,º÷©ö´¦÷¡ + ¦ö®­Õ + ¹ö¸¢ö¸,2,170,1090,576,1,1,3,DH,5,0,Sepone DH,3,SVK-PH,199, 6.4 ,,587,1,23,2%,A. 0-3,2014
13,13,5,1305,82,082,1305082,¦º­´óÄ§ + ì½£º­¦ó,2,152,1085,444,1,1,3,DH,5,0,Sepone DH,1,SVK-PH,197, 7.1 ,,588,1,3,0%,A. 0-3,2014
13,13,5,1305,83,083,1305083,¸ö¤¸òÄì,2,248,1149,529,1,1,3,DH,5,0,Sepone DH,1,SVK-PH,197, 4.6 ,,589,1,35,3%,A. 0-3,2014
13,13,5,1305,84,084,1305084,Â²­´È¸¤ + ¸ñ¤£ø­,1,295,1517,751,1,1,3,DH,5,0,Sepone DH,2.2,SVK-PH,198.2, 5.1 ,,590,1,206,14%,A. 0-3,2014
13,13,5,1305,85,085,1305085,­¾®Ò + ¸ñ¤£¸¾¨,1,346,1772,862,1,1,3,DH,5,0,Sepone DH,6,SVK-PH,202, 5.1 ,,591,,137,8%,B. 4-10,2014
13,13,5,1305,86,086,1305086,Â²­Ä» + ¸ñ¤Ïø + Á¡É¤£ñ­,1,208,1620,873,2,1,3,PH-HC,10,1,Sepone DH,15,SVK-PH,212, 7.8 ,,592,,152,9%,C. 11-20,2014
13,13,5,1305,87,087,1305087,¹û¸¨¥ñ¤À¡‰¾ + ¹É¸¨¥ñ¤ÃÏÈ,1,131,653,308,2,1,3,MC-HC,6,5,Sepone DH,18,SVK-PH,219, 5.0 ,,593,,227,35%,C. 11-20,2014
13,13,5,1305,88,088,1305088,Â²Ä§,2,145,741,312,1,1,3,MC-HC,6,3,Sepone DH,15,SVK-PH,214, 5.1 ,,594,,50,7%,C. 11-20,2014
13,13,9,1309,2,002,1309002, Â­­¦ø¤,1,100,673,345,2,2,3,DH,16,,DH,30,SVK,85, 6.7 ,,111,,0,0%,D. 21-50,2014
13,13,9,1309,3,003,1309003, Â²­ª¾©,1,191,1316,651,2,2,3,TL,16n,,DH,39,SVK,94, 6.9 ,,112,,0,0%,D. 21-50,2014
13,13,9,1309,6,006,1309006, ²ñ¤À»¤,1,136,919,437,2,2,3,LSY,16g,,DH,29,SVK,84, 6.8 ,,113,,0,0%,D. 21-50,2014
13,13,9,1309,7,007,1309007, Îº¤Ä»,1,246,1335,677,2,2,3,LSY,16g,,DH,28,SVK,83, 5.4 ,,114,,0,0%,D. 21-50,2014
13,13,9,1309,8,008,1309008, ¡÷©®º­,1,312,1795,950,2,2,3,DH,16,,DH,38,SVK,93, 5.8 ,,115,,0,0%,D. 21-50,2014
13,13,9,1309,9,009,1309009, ­¾À§õº¡,1,178,1124,609,2,2,3,LSY,16g,,DH,30,SVK,85, 6.3 ,,116,,0,0%,D. 21-50,2014
13,13,9,1309,12,012,1309012, ¦ó®÷­À»õº¤,1,252,1540,771,1,2,3,DH,16,,DH,39,SVK,94, 6.1 ,,117,,0,0%,D. 21-50,2014
13,13,9,1309,13,013,1309013, Àì‰¾¦÷ìò¨¾,1,298,2006,1111,1,2,3,DH,16,,DH,27,SVK,82, 6.7 ,,118,,0,0%,D. 21-50,2014
13,13,9,1309,19,019,1309019, Â­­»ñ¤,1,178,854,454,1,2,3,LSY,16g,,DH,30,SVK,85, 4.8 ,,119,,0,0%,D. 21-50,2014
13,13,9,1309,21,021,1309021, ®ô¤ª½¹ì÷¤,1,114,727,378,2,2,3,LSY,16g,,DH,40,SVK,95, 6.4 ,,120,,0,0%,D. 21-50,2014
13,13,9,1309,23,023,1309023, ©ö¤Ï¾¡¡Ò,1,165,967,488,2,2,3,LSY,16g,,DH,39,SVK,94, 5.9 ,,121,,0,0%,D. 21-50,2014
13,13,9,1309,24,024,1309024, Îº¤¹¨É¾´É¾,1,108,679,363,2,2,3,LSY,16g,,DH,39,SVK,94, 6.3 ,,122,,0,0%,D. 21-50,2014
13,13,9,1309,26,026,1309026, Â­­£ø­,1,133,963,507,2,2,3,LSY,16g,,DH,40,SVK,95, 7.2 ,,123,,0,0%,D. 21-50,2014
13,13,9,1309,28,028,1309028, Â²­¦½º¾©,1,89,591,290,2,2,3,LSY,16g,,DH,39,SVK,94, 6.6 ,,124,,0,0%,D. 21-50,2014
13,13,9,1309,29,029,1309029, ²¾¨¢º¤,1,146,1095,547,2,2,3,LSY,16g,,DH,25,SVK,80, 7.5 ,,125,,0,0%,D. 21-50,2014
13,13,9,1309,31,031,1309031, Â²­Â©¡,1,123,784,375,2,2,3,LSY,16g,,DH,30,SVK,85, 6.4 ,,126,,0,0%,D. 21-50,2014
13,13,9,1309,32,032,1309032, Ïº¤À¯ñ©,1,82,554,280,2,2,3,LSY,16g,,DH,18,SVK,73, 6.8 ,,127,,0,0%,C. 11-20,2014
13,13,9,1309,35,035,1309035, ¨¾¤¦ø¤,1,187,925,428,2,2,3,DH,16,,DH,23,SVK,78, 4.9 ,,128,,0,0%,D. 21-50,2014
13,13,9,1309,36,036,1309036, £¿Á£­,1,87,570,277,2,2,3,DH,16,,DH,30,SVK,85, 6.6 ,,129,,0,0%,D. 21-50,2014
13,13,9,1309,37,037,1309037, ¸ñ©ê½­¾,1,184,1029,547,1,2,3,DH,16,,DH,20,SVK,75, 5.6 ,,130,,0,0%,C. 11-20,2014
13,13,9,1309,38,038,1309038, Â²­´È¸¤,1,416,2312,1185,1,2,3,LSY,16g,,DH,20,SVK,75, 5.6 ,,131,,0,0%,C. 11-20,2014
13,13,9,1309,40,040,1309040, Á¦­,1,131,439,439,2,2,3,LSY,16g,,DH,30,SVK,85, 3.4 ,,132,,0,0%,D. 21-50,2014
13,13,9,1309,45,045,1309045, ì¿¥ñ­,1,421,2794,1352,1,2,3,LSY,16g,,DH,25,SVK,80, 6.6 ,,133,,0,0%,D. 21-50,2014
13,13,9,1309,47,047,1309047, À§,1,111,632,255,1,2,3,LSY,16g,,DH,33,SVK,88, 5.7 ,,134,,0,0%,D. 21-50,2014
13,13,9,1309,50,050,1309050, êú¾´È¸¤,1,147,845,445,1,2,3,LSY,16g,,DH,30,SVK,85, 5.7 ,,135,,0,0%,D. 21-50,2014
13,13,9,1309,51,051,1309051, ©ö¤À´õº¤,1,127,741,373,1,2,3,DH,16,,DH,28,SVK,83, 5.8 ,,136,,0,0%,D. 21-50,2014
13,13,9,1309,52,052,1309052, ®ô¡©ö¤,1,115,752,392,2,2,3,LSY,16g,,DH,15,SVK,70, 6.5 ,,137,,0,0%,C. 11-20,2014
13,13,9,1309,53,053,1309053, Â£¡ÁìÉ¤,1,133,950,489,2,2,3,DH,16,,DH,17,SVK,72, 7.1 ,,138,,0,0%,C. 11-20,2014
13,13,9,1309,54,054,1309054, Ä°È¹ìÉº´,1,86,631,334,2,2,3,LSY,16g,,DH,17,SVK,72, 7.3 ,,139,,0,0%,C. 11-20,2014
13,13,9,1309,55,055,1309055, Ïº¤¡½ìÈº¤,1,148,917,503,2,2,3,DH,16,,DH,20,SVK,75, 6.2 ,,140,,0,0%,C. 11-20,2014
13,13,9,1309,57,057,1309057, ­¾­ö¡¢¼­,1,185,1165,614,2,2,3,LSY,16g,,DH,25,SVK,80, 6.3 ,,141,,0,0%,D. 21-50,2014
13,13,9,1309,58,058,1309058, ¢º­ÁªÉ,1,101,740,376,2,2,3,LSY,16g,,DH,19,SVK,74, 7.3 ,,142,,0,0%,C. 11-20,2014
13,13,9,1309,59,059,1309059, ¹û¸¨¨¾¤,1,110,776,371,2,2,3,DH,16,,DH,23,SVK,78, 7.1 ,,143,,0,0%,D. 21-50,2014
13,13,9,1309,61,061,1309061, ©ö¤£ñ­£ø,1,269,1561,805,2,2,3,DH,16,,DH,17,SVK,72, 5.8 ,,144,,0,0%,C. 11-20,2014
13,13,9,1309,64,064,1309064, ©ö¤©º¡Ä´É,1,104,721,338,1,2,3,LSY,16g,,DH,12,SVK,67, 6.9 ,,145,,0,0%,C. 11-20,2014
13,13,9,1309,65,065,1309065, ®ô¡êöú¤,1,194,1158,575,2,2,3,LSY,16g,,DH,14,SVK,69, 6.0 ,,146,,0,0%,C. 11-20,2014
13,13,9,1309,67,067,1309067, ©º­Á¨¤,1,166,863,429,2,2,3,DH,16,,DH,17,SVK,72, 5.2 ,,147,,0,0%,C. 11-20,2014
13,13,9,1309,69,069,1309069, ¹û¸¨Ï¾¡À¨ö¾,1,100,731,390,2,2,3,LSY,16g,,DH,22,SVK,77, 7.3 ,,148,,0,0%,D. 21-50,2014
13,13,9,1309,70,070,1309070, êú¾À´õº¤,1,168,984,517,2,2,3,LSY,16g,,DH,30,SVK,85, 5.9 ,,149,,0,0%,D. 21-50,2014
13,13,9,1309,73,073,1309073, §½£ô­ÀÏõº,1,336,1710,897,1,2,3,DH,16,,DH,26,SVK,81, 5.1 ,,150,,0,0%,D. 21-50,2014
13,13,9,1309,74,074,1309074, §½£ô­ÃªÉ,1,277,1216,603,1,2,3,LSY,16g,,DH,26,SVK,81, 4.4 ,,151,,0,0%,D. 21-50,2014
13,13,9,1309,75,075,1309075, ¦ó¸òÄì,1,180,1134,564,2,2,3,DH,16,,DH,17,SVK,72, 6.3 ,,152,,0,0%,C. 11-20,2014
13,13,9,1309,76,076,1309076, Ïº¤¹ö¤,1,94,628,317,2,2,3,DH,16,,DH,16,SVK,71, 6.7 ,,153,,0,0%,C. 11-20,2014
13,13,9,1309,77,077,1309077, £Ó,1,169,970,484,1,2,3,LSY,16g,,DH,12,SVK,67, 5.7 ,,154,,0,0%,C. 11-20,2014
13,13,9,1309,79,079,1309079, ¢¾´À«í¾,1,221,1223,616,2,2,3,LSY,16g,,DH,11,SVK,66, 5.5 ,,155,,0,0%,C. 11-20,2014
13,13,9,1309,80,080,1309080, ¦óêº¤,1,127,762,339,2,2,3,LSY,16g,,DH,10,SVK,65, 6.0 ,,156,,0,0%,B. 4-10,2014
13,13,9,1309,81,081,1309081, ©ö¤´º­,1,187,1064,556,2,2,3,LSY,16g,,DH,15,SVK,70, 5.7 ,,157,,0,0%,C. 11-20,2014
13,13,9,1309,84,084,1309084, Â²­êº¤,1,230,1264,691,2,2,3,LSY,16g,,DH,15,SVK,70, 5.5 ,,158,,0,0%,C. 11-20,2014
13,13,9,1309,86,086,1309086, ì¿Àê­,1,105,550,316,2,2,3,LSY,16g,,DH,28,SVK,83, 5.2 ,,159,,0,0%,D. 21-50,2014
13,13,9,1309,88,088,1309088, Ïº¤¡½Â©¡,1,166,1094,586,2,2,3,DH,16,,DH,20,SVK,75, 6.6 ,,160,,0,0%,C. 11-20,2014
13,13,9,1309,91,091,1309091, ê¸©ÃªÉ,1,206,1347,637,1,2,3,LSY,16g,,DH,20,SVK,75, 6.5 ,,161,,0,0%,C. 11-20,2014
13,13,9,1309,94,094,1309094, ­¾¢¾´,1,158,908,492,2,2,3,DH,16,,DH,23,SVK,78, 5.7 ,,162,,0,0%,D. 21-50,2014
13,13,9,1309,98,098,1309098, ì¿®º¤,1,310,1727,894,2,2,3,DH,16,,DH,22,SVK,77, 5.6 ,,163,,0,0%,D. 21-50,2014
13,13,9,1309,99,099,1309099, À²¨¡È¾,1,116,538,288,2,2,3,LSY,16g,,DH,30,SVK,85, 4.6 ,,164,,0,0%,D. 21-50,2014
13,13,9,1309,100,100,1309100, Á¡É¤¯ø­,1,95,546,271,2,2,3,LSY,16g,,DH,4,SVK,59, 5.7 ,,165,,0,0%,B. 4-10,2014
13,13,9,1309,101,101,1309101, Â­­¦óêñ­,1,101,657,337,2,2,3,LSY,16g,,DH,5,SVK,60, 6.5 ,,166,,0,0%,B. 4-10,2014
13,13,9,1309,102,102,1309102, ²½Áì¤,1,177,1017,684,2,2,3,LSY,16g,,DH,8,SVK,63, 5.7 ,,167,,0,0%,B. 4-10,2014
13,13,9,1309,103,103,1309103, Ïº¤Á¸¤,1,85,493,281,2,2,3,LSY,16g,,DH,10,SVK,65, 5.8 ,,168,,0,0%,B. 4-10,2014
13,13,9,1309,105,105,1309105, £¿­Éº¨,1,365,1988,1013,2,2,3,DH,16,,DH,15,SVK,70, 5.4 ,,169,,0,0%,C. 11-20,2014
13,13,9,1309,108,108,1309108, ¹ñì¡35,1,240,1463,736,1,2,3,LSY,16g,,DH,17,SVK,72, 6.1 ,,170,,0,0%,C. 11-20,2014
13,13,9,1309,110,110,1309110, ­¾Àªó¨,1,531,2745,1388,2,2,3,LSY,16g,,DH,14,SVK,69, 5.2 ,,171,,0,0%,C. 11-20,2014
13,13,9,1309,112,112,1309112, Ä°È,1,408,2118,1095,2,2,3,LSY,16g,,DH,13,SVK,68, 5.2 ,,172,,0,0%,C. 11-20,2014
13,13,9,1309,113,113,1309113, À¢ö¾¡¾©,1,143,802,440,2,2,3,DH,16,,DH,16,SVK,71, 5.6 ,,173,,0,0%,C. 11-20,2014
13,13,9,1309,114,114,1309114, ®¾¡,1,383,1864,990,2,2,3,DH,16,,DH,15,SVK,70, 4.9 ,,174,,0,0%,C. 11-20,2014
13,13,9,1309,116,116,1309116, ©ö¤£¿Ïˆ­,1,226,2350,1498,2,2,3,DH,16,,DH,2,SVK,57, 10.4 ,,175,1,0,0%,A. 0-3,2014
13,13,9,1309,117,117,1309117, ­¾£ø,1,260,1675,876,2,2,3,DH,16,,DH,8,SVK,63, 6.4 ,,176,,0,0%,B. 4-10,2014
13,13,9,1309,119,119,1309119, ©ö¤­¾£º¨,1,103,667,329,2,2,3,DH,16,,DH,1,SVK,56, 6.5 ,,177,1,0,0%,A. 0-3,2014
13,13,9,1309,120,120,1309120, ©ö¤Ïûº¤¢øÈ­,1,223,1148,604,2,2,3,DH,16,,DH,1,SVK,56, 5.1 ,,178,1,0,0%,A. 0-3,2014
13,13,9,1309,121,121,1309121, Á¡É¤¡º¡ê‰¤,1,173,1160,604,1,2,3,DH,16,,DH,1,SVK,56, 6.7 ,,179,1,0,0%,A. 0-3,2014
13,13,9,1309,122,122,1309122, ¹ö¸À´õº¤,1,115,672,336,1,2,3,DH,16,,DH,1,SVK,56, 5.8 ,,180,1,0,0%,A. 0-3,2014
13,13,9,1309,124,124,1309124, Á¡É¤¡º¡ÀÏõº,1,395,2961,1835,1,2,3,DH,16,,DH,1,SVK,56, 7.5 ,,181,1,0,0%,A. 0-3,2014
13,13,9,1309,125,125,1309125, Á¡É¤¡º¡¡¾¤,1,287,1802,914,1,2,3,DH,16,,DH,1,SVK,56, 6.3 ,,182,1,0,0%,A. 0-3,2014
13,13,9,1309,126,126,1309126, Á¡É¤¡º¡©ö¤,1,283,1735,914,1,2,3,DH,16,,DH,1,SVK,56, 6.1 ,,183,1,0,0%,A. 0-3,2014
13,13,9,1309,127,127,1309127, Â­­¸òÄì¸ñ­,1,91,513,227,2,2,3,DH,16,,DH,2,SVK,57, 5.6 ,,184,1,0,0%,A. 0-3,2014
13,13,9,1309,128,128,1309128, ­ö¡¡ö¡,1,267,1418,733,2,2,3,TL,16n,,DH,11,SVK,66, 5.3 ,,185,,0,0%,C. 11-20,2014
13,13,9,1309,131,131,1309131, ©ö¤ª½Á®¤,1,120,677,355,2,2,3,TL,16n,,DH,19,SVK,74, 5.6 ,,186,,0,0%,C. 11-20,2014
13,13,9,1309,132,132,1309132, ¡½¹ì¾¤ÀÏõº,1,116,755,397,2,2,3,TL,16n,,DH,17,SVK,72, 6.5 ,,187,,0,0%,C. 11-20,2014
13,13,9,1309,133,133,1309133, ¡½¹ì¾¤ÃªÉ,1,137,574,297,2,2,3,TL,16n,,DH,18,SVK,73, 4.2 ,,188,,0,0%,C. 11-20,2014
13,13,9,1309,134,134,1309134, ¦½ìò¯È¾¡É¾,1,116,615,322,2,2,3,TL,16n,,DH,16,SVK,71, 5.3 ,,189,, 142 ,23%,C. 11-20,2014
13,13,9,1309,135,135,1309135, £¿¯¾ÁÏ,1,104,673,319,2,2,2,TL,16n,,DH,18,SVK,73, 6.5 ,,190,, 291 ,43%,C. 11-20,2014
13,13,9,1309,138,138,1309138, ­¾¡½êÉ¾¤,1,207,1409,704,2,2,3,TL,16n,,DH,10,SVK,65, 6.8 ,,191,,0,0%,B. 4-10,2014
13,13,9,1309,140,140,1309140, ª¾Á¹ì¸,1,199,1139,425,2,2,3,TL,16n,,DH,8,SVK,63, 5.7 ,,192,,0,0%,B. 4-10,2014
13,13,9,1309,141,141,1309141, ª¾Á¹ì¸­Éº¨,1,146,962,500,2,2,3,TL,16n,,DH,15,SVK,70, 6.6 ,,193,,0,0%,C. 11-20,2014
13,13,9,1309,144,144,1309144, ­¾¦¾­,1,177,1008,538,2,2,3,DH,16,,DH,18,SVK,73, 5.7 ,,194,,0,0%,C. 11-20,2014
13,13,9,1309,146,146,1309146, ¡½©¾­,1,437,1321,1217,2,2,3,NI,16f,,DH,4,SVK,59, 3.0 ,,195,,0,0%,B. 4-10,2014
13,13,9,1309,147,147,1309147, £¿¦ó©¾,1,216,1281,667,2,2,3,NI,16f,,DH,9,SVK,64, 5.9 ,,196,,0,0%,B. 4-10,2014
13,13,9,1309,151,151,1309151, ­¾ªÉ¾¨,1,201,1236,638,2,2,3,TL,16n,,DH,11,SVK,66, 6.1 ,,197,,0,0%,C. 11-20,2014
13,13,9,1309,150,150,1309150, ©º­Á©¤,1,234,1328,615,2,2,3,TL,16n,,DH,12,SVK,67, 5.7 ,,198,,0,0%,C. 11-20,2014
13,13,9,1309,152,152,1309152, Àì‰¾Ï¾¡£È¾,1,141,762,341,1,2,3,NI,16f,,DH,11,SVK,66, 5.4 ,,199,,0,0%,C. 11-20,2014
13,13,9,1309,154,154,1309154, Ïº¤ºó¤,1,112,639,329,2,2,3,NI,16f,,DH,10,SVK,65, 5.7 ,,200,,0,0%,B. 4-10,2014
13,13,9,1309,155,155,1309155, Àì‰¾¹­¾©,1,243,1271,665,2,2,3,NI,16f,,DH,13,SVK,68, 5.2 ,,201,,0,0%,C. 11-20,2014
13,13,9,1309,158,158,1309158, ¹ö¸­Õ¦É¾¤,1,129,684,684,2,2,3,NI,16f,,DH,14,SVK,69, 5.3 ,,202,,0,0%,C. 11-20,2014
13,13,9,1309,160,160,1309160, ®ö¡,1,110,612,328,2,2,3,NI,16f,,DH,15,SVK,70, 5.6 ,,203,,0,0%,C. 11-20,2014
13,13,9,1309,161,161,1309161, ¹û¸¨§¾¨,1,112,601,326,2,2,3,NI,16f,,DH,15,SVK,70, 5.4 ,,204,,0,0%,C. 11-20,2014
13,13,9,1309,163,163,1309163, ª¾­¦÷´,1,93,575,296,2,2,3,NI,16f,,DH,16,SVK,71, 6.2 ,,205,,0,0%,C. 11-20,2014
13,13,9,1309,164,164,1309164, ©º­À£ñ¤,1,98,577,289,2,2,3,NI,16f,,DH,17,SVK,72, 5.9 ,,206,,0,0%,C. 11-20,2014
13,13,9,1309,165,165,1309165, Àì‰¾¹ö¸£¿,1,183,1008,512,2,2,3,NI,16f,,DH,15,SVK,70, 5.5 ,,207,,0,0%,C. 11-20,2014
13,13,9,1309,172,172,1309172, £¿ªýº¤ìýº¤,1,92,456,245,2,2,3,DH,16,,DH,25,SVK,80, 5.0 ,,208,,0,0%,D. 21-50,2014
13,13,15,1315,1,001,1315001,§ú¾¤Á¦¤,1,111,561,266,2,1,3,DH,1,0,PLX,16,SVK,121, 5.1 ,,57,, 131 ,23%,C. 11-20,2014
13,13,15,1315,3,003,1315003,£¿Àªó¨,1,52,301,155,2,1,3,DH,1,0,PLX,20,SVK,125, 5.8 ,,58,, 102 ,34%,C. 11-20,2014
13,13,15,1315,4,004,1315004,­¾êøÉÃ¹¨È,1,97,475,249,2,1,3,NCT-HC,3,3,PLX,16,SVK,124, 4.9 ,,59,, 270 ,57%,C. 11-20,2014
13,13,15,1315,5,005,1315005,­¾êÈº­,1,102,575,306,2,1,3,NCT-HC,3,4,PLX,14,SVK,123, 5.6 ,,60,, 120 ,21%,C. 11-20,2014
13,13,15,1315,7,007,1315007,Á¡É¤¹ù¸¤,1,179,783,375,2,1,3,DH,1,3.5,PLX,12,SVK,121, 4.4 ,,61,, 199 ,25%,C. 11-20,2014
13,13,15,1315,10,010,1315010,¦ö®ºøÈ,1,69,373,179,2,1,3,DH,1,0,PLX,8,SVK,113, 5.4 ,,62,, 61 ,16%,B. 4-10,2014
13,13,15,1315,11,011,1315011,Â²­,1,68,398,190,2,1,3,NCT-HC,3,2.5,PLX,12,SVK,120, 5.9 ,,63,, 130 ,33%,C. 11-20,2014
13,13,15,1315,12,012,1315012,­¾¢˜­Ä©,1,106,653,367,2,1,3,NCT-HC,3,3,PLX,16,SVK,124, 6.2 ,,64,, 195 ,30%,C. 11-20,2014
13,13,15,1315,13,013,1315013,­¾¥ñ­Äª ,1,100,476,231,2,1,3,NCT-HC,3,1,PLX,18,SVK,124, 4.8 ,,65,, 152 ,32%,C. 11-20,2014
13,13,15,1315,14,014,1315014,­¾§½£÷,1,122,618,283,2,1,3,NCT-HC,3,4,PLX,16,SVK,125, 5.1 ,,66,, 131 ,21%,C. 11-20,2014
13,13,15,1315,15,015,1315015,¹ó­Áª¡,1,67,375,189,2,1,3,NCT-HC,3,4.5,PLX,16,SVK,126, 5.6 ,,67,, 86 ,23%,C. 11-20,2014
13,13,15,1315,16,016,1315016,¡½¦ö¡ÀÎõº,1,93,481,216,2,1,3,NKP-HC,4,6,PLX,29,SVK,140, 5.2 ,,68,, 132 ,27%,D. 21-50,2014
13,13,15,1315,18,018,1315018,Â²­®ö¡,1,59,284,124,2,1,3,DH,1,0,PLX,35,SVK,140, 4.8 ,,69,, 88 ,31%,D. 21-50,2014
13,13,15,1315,19,019,1315019,¡½Á¦­,1,68,302,141,2,1,3,DH,1,0,PLX,32,SVK,137, 4.4 ,,70,, 44 ,15%,D. 21-50,2014
13,13,15,1315,20,020,1315020,²½ì¾­ÃªÉ,1,274,1509,741,2,1,3,DH,1,0,PLX,5,SVK,110, 5.5 ,,71,1, 18 ,1%,B. 4-10,2014
13,13,15,1315,23,023,1315023,¡½¹ùº¤ÀÎõº,1,211,1141,658,2,1,3,DH,1,0,PLX,9,SVK,114, 5.4 ,,72,, 61 ,5%,B. 4-10,2014
13,13,15,1315,24,024,1315024,¡½¹ùº¤ÃªÉ,1,138,813,431,2,1,3,DH,1,0,PLX,11,SVK,116, 5.9 ,,73,, 54 ,7%,C. 11-20,2014
13,13,15,1315,28,028,1315028,­¾¡¾¤À§,1,182,920,431,2,1,3,NX-HC,2,3.5,PLX,13,SVK,122, 5.1 ,,74,, 75 ,8%,C. 11-20,2014
13,13,15,1315,32,032,1315032,²½ì¾­ÀÎõº,1,156,809,410,2,1,3,DH,1,0,PLX,4,SVK,109, 5.2 ,,75,1, 80 ,10%,B. 4-10,2014
13,13,15,1315,33,033,1315033,Â²Ä§,1,286,1138,653,2,1,3,DH,1,0,PLX,0,SVK,105, 4.0 ,,76,1, 31 ,3%,A. 0-3,2014
13,13,15,1315,34,034,1315034,²½­ö´Ä§,1,160,912,486,2,1,3,DH,1,0,PLX,1,SVK,106, 5.7 ,,77,1, 82 ,9%,A. 0-3,2014
13,13,15,1315,36,036,1315036,¹ö¸À´õº¤ÀÎõº,1,105,629,245,2,1,3,DH,1,0,PLX,4,SVK,109, 6.0 ,,78,1, 73 ,12%,B. 4-10,2014
13,13,15,1315,37,037,1315037,­¾¡¾¤ê‰¤,1,38,239,120,2,1,3,DH,1,0,PLX,16,SVK,121, 6.3 ,,79,, 114 ,48%,C. 11-20,2014
13,13,15,1315,38,038,1315038,­¾Ï¾¡´š,1,156,766,399,2,1,3,DH,1,0,PLX,5,SVK,110, 4.9 ,,80,1, 109 ,14%,B. 4-10,2014
13,13,15,1315,40,040,1315040,Îº¤Á¸¤,1,45,279,137,2,1,3,DH,1,0,PLX,4,SVK,109, 6.2 ,,81,, 38 ,14%,B. 4-10,2014
13,13,15,1315,41,041,1315041,Â²­ª¾­,1,87,466,226,2,1,3,DH,1,0,PLX,3,SVK,108, 5.4 ,,82,1, 40 ,9%,A. 0-3,2014
13,13,15,1315,43,043,1315043,­¾Â²¦ö´®ø­,1,163,645,322,2,1,3,DH,1,0,PLX,5,SVK,110, 4.0 ,,83,, 398 ,62%,B. 4-10,2014
13,13,15,1315,44,044,1315044,­¾Â²¸ñ©,1,102,535,268,2,1,3,DH,1,0,PLX,9,SVK,114, 5.2 ,,84,, 169 ,32%,B. 4-10,2014
13,13,15,1315,45,045,1315045,Á¡É¤¥ò®,1,135,696,350,2,1,3,DH,1,0,PLX,6,SVK,111, 5.2 ,,85,, 131 ,19%,B. 4-10,2014
13,13,15,1315,47,047,1315047,À¹š´Ã¹¨È,1,100,405,189,2,1,3,DH,1,0,PLX,9,SVK,114, 4.1 ,,86,, 31 ,8%,B. 4-10,2014
13,13,15,1315,48,048,1315048,À¹š´­Éº¨,1,102,528,257,2,1,3,DH,1,0,PLX,7,SVK,112, 5.2 ,,87,, 160 ,30%,B. 4-10,2014
13,13,15,1315,49,049,1315049,§¼¤Áì­Õ,1,70,335,173,2,1,3,NKP-HC,4,3,PLX,19,SVK,127, 4.8 ,,88,, 105 ,31%,C. 11-20,2014
13,13,15,1315,50,050,1315050,­¾¡½¯ö¤,1,72,323,167,2,1,3,NKP-HC,4,1,PLX,15,SVK,121, 4.5 ,,89,, 23 ,7%,C. 11-20,2014
13,13,15,1315,51,051,1315051,­¾®Ò£¿,1,101,877,436,2,1,3,NKP-HC,4,2,PLX,17,SVK,124, 8.7 ,,90,, 49 ,6%,C. 11-20,2014
13,13,15,1315,54,054,1315054,Îº¤°õ,1,58,287,139,2,1,3,NKP-HC,4,4,PLX,21,SVK,130, 4.9 ,,91,, 5 ,2%,D. 21-50,2014
13,13,15,1315,55,055,1315055,©¸­,1,78,403,212,2,1,3,NKP-HC,4,5,PLX,24,SVK,134, 5.2 ,,92,, 47 ,12%,D. 21-50,2014
13,13,15,1315,56,056,1315056,­¾ì¾¨,1,191,1183,566,2,1,3,DH,1,0,PLX,16,SVK,121, 6.2 ,,93,, 299 ,25%,C. 11-20,2014
13,13,15,1315,58,058,1315058,§¼¤ÁìÂ£¡,1,108,462,217,2,1,3,DH,1,0,PLX,9,SVK,114, 4.3 ,,94,, 147 ,32%,B. 4-10,2014
13,13,15,1315,59,059,1315059,­¾´È¸¤,1,68,356,209,2,1,3,NKP-HC,4,6,PLX,27,SVK,138, 5.2 ,,95,, 65 ,18%,D. 21-50,2014
13,13,15,1315,60,060,1315060,Â²¦ó,1,124,1492,551,2,1,3,DH,1,0,PLX,8,SVK,113, 12.0 ,,96,, 42 ,3%,B. 4-10,2014
13,13,15,1315,62,062,1315062,Â­­´óÄ§,1,125,589,303,2,1,3,DH,1,0,PLX,16,SVK,121, 4.7 ,,97,, 36 ,6%,C. 11-20,2014
13,13,15,1315,63,063,1315063,©ö¤®ñ¤,1,219,977,505,2,1,3,DH,1,0,PLX,18,SVK,123, 4.5 ,,98,, 213 ,22%,C. 11-20,2014
13,13,15,1315,66,066,1315066,Âê½,1,116,863,395,2,1,3,DH,1,0,PLX,24,SVK,129, 7.4 ,,99,, 135 ,16%,D. 21-50,2014
13,13,15,1315,69,069,1315069,¦½Ïø­,1,148,1008,460,2,1,3,DH,1,0,PLX,25,SVK,130, 6.8 ,,100,, 185 ,18%,D. 21-50,2014
13,13,15,1315,70,070,1315070,Á¡É¤²¾´,1,258,1411,652,2,1,3,DH,1,0,PLX,25,SVK,130, 5.5 ,,101,, 70 ,5%,D. 21-50,2014
13,13,15,1315,71,071,1315071,­¾»ø,1,159,678,329,2,1,3,NX-HC,2,4,PLX,33,SVK,142, 4.3 ,,102,, 71 ,10%,D. 21-50,2014
13,13,15,1315,72,072,1315072,©º­ª™¸,1,135,740,366,2,1,3,NX-HC,2,4,PLX,35,SVK,144, 5.5 ,,103,, 33 ,4%,D. 21-50,2014
13,13,15,1315,73,073,1315073,Á¡É¤Ä§Ã¹¨È,1,82,481,227,2,1,3,NX-HC,2,3,PLX,31,SVK,139, 5.9 ,,104,, 42 ,9%,D. 21-50,2014
13,13,15,1315,74,074,1315074,Á¡É¤Ä§­Éº¨,1,103,487,228,2,1,3,DH,1,0,PLX,19,SVK,124, 4.7 ,,105,,0,0%,C. 11-20,2014
13,13,15,1315,75,075,1315075,­¾§¾¨,1,209,1257,602,2,1,3,NX-HC,2,1,PLX,33,SVK,139, 6.0 ,,106,, 176 ,14%,D. 21-50,2014
13,13,15,1315,76,076,1315076,­¾¢¸¾¤,1,112,524,285,2,1,3,DH,1,0,PLX,19,SVK,124, 4.7 ,,107,, 76 ,15%,C. 11-20,2014
13,13,15,1315,77,077,1315077,¹ùñ¡Ä§,1,73,404,199,2,1,3,DH,1,0,PLX,22,SVK,127, 5.5 ,,108,, 128 ,32%,D. 21-50,2014
13,13,15,1315,78,078,1315078,º÷©ö´Ä§,1,171,585,375,2,1,3,DH,1,0,PLX,9,SVK,114, 3.4 ,,109,1, 36 ,6%,B. 4-10,2014
13,13,15,1315,80,080,1315080,®ô¤ê½Àì,1,307,1717,881,2,1,3,DH,1,0,PLX,12,SVK,117, 5.6 ,,110,, 154 ,9%,C. 11-20,2014
14,14,2,1402,1,001,1402001,Àê©¦½®¾­,,198,1299,794,1,1,3,DH,32,0,DH,0,SLV,84, 9.0 ,,451,1, 23 ,2%,A. 0-3,2014
14,14,2,1402,2,002,1402002,ª½ì÷¤ì½ì¾¸,,129,656,326,2,1,3,DH,32,1,DH,1,SLV,84, 8.2 ,,452,1, 182 ,28%,A. 0-3,2014
14,14,2,1402,3,003,1402003,ëø¡½Â¨ (ª½ÍÐ¤),,44,281,138,2,1,3,DH,32,1,DH,1,SLV,84, 6.5 ,,453,1, 105 ,37%,A. 0-3,2014
14,14,2,1402,4,004,1402004,ì½Á§¤,,73,549,272,2,3,,DH,32,3,DH,3,SLV,84, 7.5 ,,454,, 549 ,100%,A. 0-3,2014
14,14,2,1402,5,005,1402005,ì½¹¾®,,72,385,170,2,3,3,PCD,35,10,TAOY,35,SLV,120, 5.3 ,,455,, 385 ,100%,D. 21-50,2014
14,14,2,1402,6,006,1402006,¯½À¦ñ¨,,64,363,156,2,3,2,KB,34,31,TAOY,26,SLV,66, 5.7 ,,456,, 363 ,100%,D. 21-50,2014
14,14,2,1402,7,007,1402007,¯½¥÷©º­,,116,609,288,2,3,3,PCD,35,0.2,TAOY,35,SLV,120, 5.3 ,,457,, 609 ,100%,D. 21-50,2014
14,14,2,1402,8,008,1402008,¯½¥÷À¥ó­,,45,200,84,2,3,3,PCD,35,4,TAOY,35,SLV,120, 4.4 ,,458,, 200 ,100%,D. 21-50,2014
14,14,2,1402,9,009,1402009,Â¥ÄªÉ,,69,297,97,2,3,3,PCD,35,7,TAOY,35,SLV,120, 4.3 ,,459,, 297 ,100%,D. 21-50,2014
14,14,2,1402,10,010,1402010,ª½ë¸¡,,100,626,378,2,3,3,TH,36c,0,TAOY,25,SLV,125, 6.3 ,,460,, 626 ,100%,D. 21-50,2014
14,14,2,1402,11,011,1402011,Â¥½ÄëÈ,,101,494,240,2,3,3,TH,36c,4,TAOY,25,SLV,125, 4.9 ,,461,, 494 ,100%,D. 21-50,2014
14,14,2,1402,12,012,1402012,ª÷¤Â¡¤,,156,860,47,2,3,3,TH,36c,6,TAOY,25,SLV,125, 5.5 ,,462,, 860 ,100%,D. 21-50,2014
14,14,2,1402,13,013,1402013,¯óÂ¡½,,88,546,251,2,3,3,TH,36c,10,TAOY,25,SLV,125, 6.2 ,,463,, 546 ,100%,D. 21-50,2014
14,14,2,1402,14,014,1402014,º¾©º­,,93,591,286,2,3,2,TH,36c,16,TAOY,25,SLV,125, 6.4 ,,464,, 591 ,100%,D. 21-50,2014
14,14,2,1402,15,015,1402015,ª÷¤Áª¤,,92,507,245,2,3,2,TH,36c,19,TAOY,25,SLV,125, 5.5 ,,465,, 507 ,100%,D. 21-50,2014
14,14,2,1402,16,016,1402016,º¾¤ð,,27,190,79,2,3,2,TH,36c,23,TAOY,25,SLV,125, 7.0 ,,466,, 190 ,100%,D. 21-50,2014
14,14,2,1402,17,017,1402017,º¾©õ,,55,288,125,2,3,3,TH,36c,12,TAOY,25,SLV,125, 5.2 ,,467,, 288 ,100%,D. 21-50,2014
14,14,2,1402,18,018,1402018,¦ñ­¨¾µº­,,22,120,56,2,3,2,BN,36,20,TAOY,15,SLV,70, 5.5 ,,468,, 120 ,100%,C. 11-20,2014
14,14,2,1402,19,019,1402019,ìô¡©ö¤,,46,263,122,2,3,2,BN,36,20,TAOY,15,SLV,70, 5.7 ,,469,, 263 ,100%,C. 11-20,2014
14,14,2,1402,20,020,1402020,ª÷¤¡¾ÄªÉ,,16,97,46,2,3,3,TKH,36d,6,TAOY,34,SLV,85, 6.1 ,,470,, 97 ,100%,D. 21-50,2014
14,14,2,1402,21,021,1402021,ê‰¤¡¾Ä»È,,71,429,201,2,3,3,TKH,36d,0,TAOY,34,SLV,85, 6.0 ,,471,, 429 ,100%,D. 21-50,2014
14,14,2,1402,22,022,1402022,¡½´¸­,,97,376,197,2,3,3,BN,36,10,TAOY,15,SLV,70, 3.9 ,,472,, 376 ,100%,C. 11-20,2014
14,14,2,1402,23,023,1402023,¯½Â¦´,,51,237,117,2,3,3,BN,36,6,TAOY,15,SLV,70, 4.6 ,,473,, 237 ,100%,C. 11-20,2014
14,14,2,1402,24,024,1402024,êö¤§½,,112,659,291,2,3,3,TKH,36d,12,TAOY,34,SLV,85, 5.9 ,,474,, 659 ,100%,D. 21-50,2014
14,14,2,1402,25,025,1402025,¯óª¼­,,33,157,67,2,3,3,TKH,36d,9,TAOY,34,SLV,85, 4.8 ,,475,, 157 ,100%,D. 21-50,2014
14,14,2,1402,26,026,1402026,Â®¤­Õ,,73,299,152,2,3,3,BN,36,0,TAOY,15,SLV,70, 4.1 ,,476,, 299 ,100%,C. 11-20,2014
14,14,2,1402,27,027,1402027,¯ìº¨,,107,783,376,2,3,3,KB,34,4,TAOY,26,SLV,66, 7.3 ,,477,, 783 ,100%,D. 21-50,2014
14,14,2,1402,28,028,1402028,¡ö¡®ö¡,,108,795,338,2,3,3,KB,34,0,TAOY,26,SLV,66, 7.4 ,,478,, 795 ,100%,D. 21-50,2014
14,14,2,1402,29,029,1402029,¯½¥ø,,88,471,217,2,3,3,HNG,33,9,TAOY,40,SLV,40, 5.4 ,,479,, 471 ,100%,D. 21-50,2014
14,14,2,1402,30,030,1402030,¯½©÷,,107,554,225,2,3,3,HNG,33,3,TAOY,40,SLV,40, 5.2 ,,480,, 554 ,100%,D. 21-50,2014
14,14,2,1402,31,031,1402031,¹û¸¨¤ö¸,,98,525,239,2,3,3,HNG,33,0,TAOY,40,SLV,40, 5.4 ,,481,, 525 ,100%,D. 21-50,2014
14,14,2,1402,32,032,1402032,§º¨ê‰¤,,40,236,114,2,3,3,HNG,33,4,TAOY,40,SLV,40, 5.9 ,,482,, 236 ,100%,D. 21-50,2014
14,14,2,1402,33,033,1402033,¡½Âº­À¡‰¾,,50,378,194,2,3,2,KB,34,19,TAOY,26,SLV,66, 7.6 ,,483,, 378 ,100%,D. 21-50,2014
14,14,2,1402,34,034,1402034,¦ûº¨ª¾´,,135,631,304,2,3,2,KB,34,30,TAOY,26,SLV,66, 4.7 ,,484,, 631 ,100%,D. 21-50,2014
14,14,2,1402,35,035,1402035,ª½¯ó­²ø,,154,840,304,2,3,2,KB,34,35,TAOY,26,SLV,66, 5.5 ,,485,, 840 ,100%,D. 21-50,2014
14,14,2,1402,36,036,1402036,¥ðì½¸¼¤,,88,500,221,2,3,2,TAOY,32,20,TAOY,20,SLV,84, 5.7 ,,486,, 500 ,100%,C. 11-20,2014
14,14,2,1402,37,037,1402037,Áª­,,99,529,251,2,3,2,TAOY,32,14,TAOY,14,SLV,84, 5.3 ,,487,, 529 ,100%,C. 11-20,2014
14,14,2,1402,38,038,1402038,¦ò¤ª½´º¤,,127,682,295,2,3,3,KB,34,12,TAOY,26,SLV,66, 5.4 ,,488,, 682 ,100%,D. 21-50,2014
14,14,2,1402,39,039,1402039,ì½¯ô¤,,51,250,118,2,3,3,TAOY,32,12,TAOY,12,SLV,84, 4.9 ,,489,, 250 ,100%,C. 11-20,2014
14,14,2,1402,40,040,1402040,¡ñ¤,,93,479,194,2,3,3,TAOY,32,7,TAOY,7,SLV,84, 5.2 ,,490,, 479 ,100%,B. 4-10,2014
14,14,2,1402,41,041,1402041,ê÷­Ã¹¨È,,155,825,352,2,3,2,TAOY,32,8,TAOY,8,SLV,84, 5.3 ,,491,, 825 ,100%,B. 4-10,2014
14,14,2,1402,42,042,1402042,¯½¦ò¤,,68,311,140,2,3,3,TLT,36a,7,TAOY,22,SLV,110, 4.6 ,,492,, 311 ,100%,D. 21-50,2014
14,14,2,1402,43,043,1402043,ª÷È´ìóê‰¤,,99,580,262,2,3,3,TLT,36a,0.2,TAOY,22,SLV,110, 5.9 ,,493,, 580 ,100%,D. 21-50,2014
14,14,2,1402,44,044,1402044,¡½À¯,,66,512,247,2,3,3,TAOY,32,7,TAOY,7,SLV,84, 7.8 ,,494,, 512 ,100%,B. 4-10,2014
14,14,2,1402,45,045,1402045,¡½Àªñ­,,114,594,278,2,3,3,TAOY,32,8,TAOY,8,SLV,84, 5.2 ,,495,, 594 ,100%,B. 4-10,2014
14,14,2,1402,46,046,1402046,¯½Àª­,,67,363,132,2,3,2,TAOY,32,13,TAOY,13,SLV,84, 5.4 ,,496,, 363 ,100%,C. 11-20,2014
14,14,2,1402,47,047,1402047,©ø®,,86,607,269,2,3,3,PT,36b,3,TAOY,15,SLV,100, 7.1 ,,497,, 607 ,100%,C. 11-20,2014
14,14,2,1402,48,048,1402048,²Òªñ¤,,51,255,117,2,3,3,PT,36b,0,TAOY,15,SLV,100, 5.0 ,,498,, 255 ,100%,C. 11-20,2014
14,14,2,1402,49,049,1402049,²ÒÀ§ñ­,,88,568,267,2,3,3,PT,36b,7,TAOY,15,SLV,100, 6.5 ,,499,, 568 ,100%,C. 11-20,2014
14,14,2,1402,50,050,1402050,ª÷È´ìóÀ¡‰¾,,71,398,196,2,3,3,TLT,36a,11,TAOY,22,SLV,110, 5.6 ,,500,, 398 ,100%,D. 21-50,2014
14,14,2,1402,51,051,1402051,ª÷È´ìó¢¾¸,,77,465,201,2,3,3,TLT,36a,5,TAOY,22,SLV,110, 6.0 ,,501,, 465 ,100%,D. 21-50,2014
14,14,2,1402,52,052,1402052,¯½¤¾­©¾¸,,37,266,124,2,3,3,PT,36b,13,TAOY,15,SLV,100, 7.2 ,,502,, 266 ,100%,C. 11-20,2014
14,14,2,1402,53,053,1402053,¯½¤¾­¦ò¤,,43,249,140,2,3,3,TLT,36a,15,TAOY,22,SLV,110, 5.8 ,,503,, 249 ,100%,D. 21-50,2014
14,14,2,1402,54,054,1402054,¦½ÁÏ¤,,74,373,174,2,3,3,TLT,36a,16,TAOY,22,SLV,110, 5.0 ,,504,, 373 ,100%,D. 21-50,2014
14,14,2,1402,55,055,1402055,²ÒÀ®ó¨,,63,346,142,2,3,3,PCD,35,5,TAOY,35,SLV,120, 5.5 ,,505,, 346 ,100%,D. 21-50,2014
14,14,2,1402,56,056,1402056,¦½®º¤¡ö¡Ä»È,,90,440,215,2,3,3,BN,36,3,TAOY,15,SLV,70, 4.9 ,,506,, 440 ,100%,C. 11-20,2014
15,15,1,1501,1,001,1501001,  ®û¾­ ¸ñ©¹ì¸¤,,309,1831,1116,2,1,1,PH,19,0.7,SEK-PH,0.5,SK-PH,, 5.9 ,,293,1, 61 ,3%,A. 0-3,2014
15,15,1,1501,2,002,1501002,  ®û¾­ êÈ¾¹ì¸¤,,128,697,407,2,1,1,PH,19,0.8,SEK-PH,0.8,SK-PH,, 5.4 ,,294,1, 70 ,10%,A. 0-3,2014
15,15,1,1501,3,003,1501003,  ®û¾­ Â²­£¿,,277,1993,576,2,1,1,PH,19,1,SEK-PH,1,SK-PH,, 7.2 ,,295,1, 120 ,6%,A. 0-3,2014
15,15,1,1501,4,004,1501004,  ®û¾­ ÃÏÈ¹ö¸À´õº¤,,431,2158,996,2,1,1,PH,19,0,SEK-PH,0,SK-PH,, 5.0 ,,296,1, 62 ,3%,A. 0-3,2014
15,15,1,1501,5,005,1501005,  ®û¾­ Â­­´óÄ§,,340,1979,1387,2,1,1,PH,19,0.8,SEK-PH,0.8,SK-PH,, 5.8 ,,297,1, 36 ,2%,A. 0-3,2014
15,15,1,1501,6,006,1501006,  ®û¾­ À²È¨ÃÏÈ,,382,2323,1051,2,1,1,PH,19,2,SEK-PH,2,SK-PH,, 6.1 ,,298,1, 35 ,2%,A. 0-3,2014
15,15,1,1501,7,007,1501007,  ®û¾­ Â´,,88,548,143,2,1,1,PH,19,3,SEK-PH,3,SK-PH,, 6.2 ,,299,, 128 ,23%,A. 0-3,2014
15,15,1,1501,8,008,1501008,  ®û¾­ ¯¾¡Âê­,,161,1016,493,2,1,1,PH,19,7,SEK-PH,7,SK-PH,, 6.3 ,,300,, 96 ,9%,B. 4-10,2014
15,15,1,1501,9,009,1501009,  ®û¾­ ì½¸óì¿²ñ­,,39,275,139,2,1,1,PH,19,7,SEK-PH,7,SK-PH,, 7.1 ,,301,, 29 ,11%,B. 4-10,2014
15,15,1,1501,10,010,1501010,  ®û¾­ ì½¸ó±„¤Á©¤,,90,583,285,2,1,1,DC-HC,30,3,SEK-PH,9,SK-PH,, 6.5 ,,302,, 121 ,21%,B. 4-10,2014
15,15,1,1501,11,011,1501011,  ®û¾­ ì½¸ó­Éº¨,,31,249,112,2,1,1,DC-HC,30,2,SEK-PH,10,SK-PH,, 8.0 ,,303,, 7 ,3%,B. 4-10,2014
15,15,1,1501,12,012,1501012,  ®û¾­ ©º­¥ñ­,,120,666,372,2,1,1,DC-HC,30,0,SEK-PH,11,SK-PH,, 5.6 ,,304,, 8 ,1%,C. 11-20,2014
15,15,1,1501,13,013,1501013,  ®û¾­ ©È¾­,,144,667,343,2,1,1,DC-HC,30,4,SEK-PH,13,SK-PH,, 4.6 ,,305,, 70 ,10%,C. 11-20,2014
15,15,1,1501,14,014,1501014,  ®û¾­ À§­Õ­Éº¨,,134,785,397,2,1,1,DC-HC,30,7,SEK-PH,18,SK-PH,, 5.9 ,,306,, 114 ,15%,C. 11-20,2014
15,15,1,1501,15,015,1501015,  ®û¾­ ª÷¨©È¾­,,54,321,153,2,1,2,DC-HC,30,4,SEK-PH,10,SK-PH,, 5.9 ,,307,, 79 ,25%,B. 4-10,2014
15,15,1,1501,16,016,1501016,  ®û¾­ ¡½¦ñ¤¡¾¤,,144,662,321,2,1,2,KK-HC,28,0,SEK-PH,30,SK-PH,, 4.6 ,,308,, 72 ,11%,D. 21-50,2014
15,15,1,1501,17,017,1501017,  ®û¾­ ¯½ºð,,26,390,361,2,3,2,KK-HC,28,11,SEK-PH,40,SK-PH,, 15.0 ,,309,,390,100%,D. 21-50,2014
15,15,1,1501,18,018,1501018,  ®É¾­ ­¾À¸ó,,38,559,552,2,3,2,NV-HC,31,0,SEK-PH,54,SK-PH,, 14.7 ,,310,,559,100%,E. 51-100,2014
15,15,1,1501,19,019,1501019,  ®û¾­ ª½ºø­,,42,389,368,2,3,2,NV-HC,31,8,SEK-PH,58,SK-PH,, 9.3 ,,311,,389,100%,E. 51-100,2014
15,15,1,1501,20,020,1501020,  ®û¾­ ªº¡ºö¤Á¡É¸,,63,832,816,2,3,2,NV-HC,31,12,SEK-PH,45,SK-PH,, 13.2 ,,312,,832,100%,D. 21-50,2014
15,15,1,1501,22,022,1501022,  ®û¾­ ¥½¸ó¡Œ­¾ì¾¨,,37,342,334,2,3,2,PH,19,25,SEK-PH,25,SK-PH,, 9.2 ,,313,,342,100%,D. 21-50,2014
15,15,1,1501,23,023,1501023,  ®û¾­ ­¾¸¾Á¦­,,57,374,193,2,1,2,PH,19,3,SEK-PH,3,SK-PH,, 6.6 ,,314,, 117 ,31%,A. 0-3,2014
15,15,1,1501,24,024,1501024,  ®û¾­ ­¾¸¾¡¾¤,,32,271,131,2,1,2,PH,19,7,SEK-PH,7,SK-PH,, 8.5 ,,315,, 60 ,22%,B. 4-10,2014
15,15,1,1501,25,025,1501025,  ®û¾­­¾¸¾Á¡É¤Í¸¤Œª¾©­Éº¨,,96,601,267,2,1,1,BP-HC,29,2,SEK-PH,16,SK-PH,, 6.3 ,,316,, 110 ,18%,C. 11-20,2014
15,15,1,1501,26,026,1501026,  ®û¾­ ­¾¤µº¤,,37,310,141,2,1,1,BP-HC,29,9,SEK-PH,18,SK-PH,, 8.4 ,,317,, 175 ,56%,C. 11-20,2014
15,15,1,1501,27,027,1501027,  ®û¾­ ¦º¤£º­,,52,427,336,2,1,1,BP-HC,29,15,SEK-PH,26,SK-PH,, 8.2 ,,318,, 87 ,20%,D. 21-50,2014
15,15,1,1501,28,028,1501028,  ®û¾­ ¯¾¡¡½µº¤,,25,277,159,2,1,1,BP-HC,29,12,SEK-PH,22,SK-PH,, 11.1 ,,319,, 106 ,38%,D. 21-50,2014
15,15,1,1501,29,029,1501029,  ®û¾­ ¯½¹õ¤,,27,245,115,2,3,2,BP-HC,29,42,SEK-PH,51,SK-PH,, 9.1 ,,320,, 245 ,100%,E. 51-100,2014
15,15,1,1501,30,030,1501030,  ®û¾­ ¥½­¿,,46,448,225,2,3,2,BP-HC,29,42,SEK-PH,61,SK-PH,, 9.7 ,,321,, 448 ,100%,E. 51-100,2014
15,15,1,1501,32,032,1501032,  ®û¾­ ¯½»õ¤,,61,488,237,2,3,2,BP-HC,29,40,SEK-PH,45,SK-PH,, 8.0 ,,322,, 104 ,21%,D. 21-50,2014
15,15,1,1501,33,033,1501033,  ®û¾­ »º¤Äì,,47,316,137,2,1,1,BP-HC,29,2,SEK-PH,5,SK-PH,, 6.7 ,,323,, 110 ,35%,B. 4-10,2014
15,15,1,1501,34,034,1501034, ®û¾­ Â­­Îº¤¹É¸¾,,133,859,407,2,1,1,BP-HC,29,1.5,SEK-PH,7,SK-PH,, 6.5 ,,324,, 199 ,23%,B. 4-10,2014
15,15,1,1501,36,036,1501036,  ®û¾­ Â²­,,309,1882,885,2,1,1,BP-HC,29,0,SEK-PH,10,SK-PH,, 6.1 ,,325,, 107 ,6%,B. 4-10,2014
15,15,1,1501,37,037,1501037,  ®û¾­ Îº¤®ö¤Œ¹É¸¨¢¼¸,,156,1084,468,2,1,1,BP-HC,29,5,SEK-PH,14,SK-PH,, 6.9 ,,326,, 359 ,33%,C. 11-20,2014
15,15,1,1501,38,038,1501038,  ®û¾­ ªº¡¦½Ïò¤,,80,606,297,2,1,1,PH,19,42,SEK-PH,42,SK-PH,, 7.6 ,,327,, 137 ,23%,D. 21-50,2014
15,15,1,1501,39,039,1501039,  ®û¾­ ª™¸,,85,618,288,2,1,1,BP-HC,29,10,SEK-PH,18,SK-PH,, 7.3 ,,328,, 43 ,7%,C. 11-20,2014
15,15,1,1501,40,040,1501040,  ®É¾­ Á®È¤,,93,747,374,2,1,1,BP-HC,29,13,SEK-PH,24,SK-PH,, 8.0 ,,329,, 160 ,21%,D. 21-50,2014
15,15,1,1501,41,041,1501041,  ®û¾­ ¯¾¡®ø­,,37,228,119,2,1,1,BP-HC,29,12,SEK-PH,20,SK-PH,, 6.2 ,,330,, 42 ,18%,C. 11-20,2014
15,15,1,1501,42,042,1501042,  ®û¾­ ¡½Â©­ÃÏú,,17,212,110,2,1,1,DC-HC,30,1,SEK-PH,10,SK-PH,, 12.5 ,,331,, 66 ,31%,B. 4-10,2014
15,15,1,1501,43,043,1501043,  ®û¾­ ¸ñ¤§É¾¤,,78,532,270,2,3,1,KK-HC,28,18,SEK-PH,15,SK-PH,, 6.8 ,,332,, 89 ,17%,C. 11-20,2014
15,15,1,1501,44,044,1501044,  ®û¾­ ­Õ¹¼¤Ã¹¨È,,54,536,240,2,3,1,KK-HC,28,15,SEK-PH,22,SK-PH,, 9.9 ,,333,, 136 ,25%,D. 21-50,2014
15,15,1,1501,45,045,1501045,  ®û¾­ ª½­õ´ 4 £÷É´,,77,644,224,2,1,1,BP-HC,29,22,SEK-PH,32,SK-PH,, 8.4 ,,334,, 297 ,46%,D. 21-50,2014
15,15,2,1502,1,001,1502001,   ®û¾­ Á¡É¤¡¼­,,161,905,368,2,1,1,DH,26,0,DH,0.5,SK-PH,73, 5.6 ,,335,1, 74 ,8%,A. 0-3,2014
15,15,2,1502,2,002,1502002,   ®É¾­ Á¡É¤¡÷¨,,246,1371,709,2,1,1,DH,26,2,DH,0,SK-PH,73, 5.6 ,,336,1, 286 ,21%,A. 0-3,2014
15,15,2,1502,3,003,1502003,   ®û¾­ ê‰¤¡¾¨,,40,269,120,2,3,1,DH,26,14,DH,6,SK-PH,60, 6.7 ,,337,, 269 ,100%,B. 4-10,2014
15,15,2,1502,4,004,1502004,   ®û¾­ ¯¾¡Ä§,,27,219,86,2,3,1,DH,26,16,DH,7,SK-PH,65, 8.1 ,,338,, 219 ,100%,B. 4-10,2014
15,15,2,1502,5,005,1502005,   ®û¾­ ¡½ì÷¤,,34,165,88,2,3,,DH,26,,,19,SK-PH,, 4.9 ,,339,, 165 ,100%,C. 11-20,2014
15,15,2,1502,6,006,1502006,   ®û¾­ ®¾¡,,27,189,67,2,3,1,DH,26,12,DH,20,SK-PH,, 7.0 ,,340,, 189 ,100%,C. 11-20,2014
15,15,2,1502,7,007,1502007,   ®É¾­ ¯º¨Œª¾ª½ì¾¤ÃÏÈ,,49,327,149,2,3,1,DH,26,8,DH,23,SK-PH,, 6.7 ,,341,, 327 ,100%,D. 21-50,2014
15,15,2,1502,8,008,1502008,   ®É¾­ ¡½©ð,,36,170,92,2,3,2,DH,26,30,,39,SK-PH,, 4.7 ,,342,, 170 ,100%,D. 21-50,2014
15,15,2,1502,10,010,1502010,   ®û¾­ ªù¾¡,,45,247,99,2,3,1,DH,26,10,DH,4,SK-PH,, 5.5 ,,343,, 247 ,100%,B. 4-10,2014
15,15,2,1502,11,011,1502011,   ®û¾­ ¹¾©Á¯½,,41,226,106,2,3,1,DH,26,15,DH,15,SK-PH,, 5.5 ,,344,, 226 ,100%,C. 11-20,2014
15,15,2,1502,12,012,1502012,   ®û¾­ ¯¾¡Äªù,,37,168,70,2,3,1,DH,26,13,DH,20,SK-PH,, 4.5 ,,345,, 168 ,100%,C. 11-20,2014
15,15,2,1502,13,013,1502013,   ®û¾­ ¹¾Îº¤ÀÎõº,,33,130,72,2,3,,DH,26,,DH,24,SK-PH,, 3.9 ,,346,, 130 ,100%,D. 21-50,2014
15,15,2,1502,14,014,1502014,   ®û¾­ ¹¾©¸ó,,29,110,127,2,3,2,DH,26,25,DH,35,SK-PH,, 3.8 ,,347,, 110 ,100%,D. 21-50,2014
15,15,2,1502,15,015,1502015,   ®ÉÉ¾­ ¥ó¤,,44,224,96,2,3,,DH,26,17,,15,SK-PH,, 5.1 ,,348,, 224 ,100%,C. 11-20,2014
15,15,2,1502,16,016,1502016,   ®û¾­ ¦º¤£º­,,88,442,213,2,3,,DH,26,20,,12,SK-PH,, 5.0 ,,349,, 442 ,100%,C. 11-20,2014
15,15,2,1502,17,017,1502017,   ®û¾­ ¥½ìº¡,,39,224,92,2,3,2,DH,26,22,,21,SK-PH,, 5.7 ,,350,, 224 ,100%,D. 21-50,2014
15,15,2,1502,18,018,1502018,   ®û¾­ Âì¨,,37,186,68,2,3,2,DH,26,19,,17,SK-PH,, 5.0 ,,351,, 186 ,100%,C. 11-20,2014
15,15,2,1502,20,020,1502020,   ®û¾­ ±¾¡¹É¸¨Œ¡½Âì{Á¥½,,72,384,178,2,3,,DH,26,,,24,SK-PH,, 5.3 ,,352,, 384 ,100%,D. 21-50,2014
15,15,2,1502,21,021,1502021,   ®û¾­ ªó­Œªõ´,,25,145,113,2,3,1,JL=HC,26a,8,,30,SK-PH,, 5.8 ,,353,, 145 ,100%,D. 21-50,2014
15,15,2,1502,22,022,1502022,   ®û¾­ ¸ñ¡ÀÎõº,,36,313,151,2,3,,DH,26,35,,33,SK-PH,, 8.7 ,,354,, 313 ,100%,D. 21-50,2014
15,15,2,1502,23,023,1502023,   ®û¾­ ¸ñ¡ÃªÉ,,28,131,55,2,3,,DH,26,32,,32,SK-PH,, 4.7 ,,355,, 131 ,100%,D. 21-50,2014
15,15,2,1502,25,025,1502025,   ®û¾­ ªñ¤¯½,,39,179,127,2,3,,JL=HC,26a,21,,46,SK-PH,, 4.6 ,,356,, 179 ,100%,D. 21-50,2014
15,15,2,1502,26,026,1502026,   ®û¾­ ªñ¤¯ñ¤,,44,230,113,2,3,,JL=HC,26a,13,,47,SK-PH,, 5.2 ,,357,, 230 ,100%,D. 21-50,2014
15,15,2,1502,29,029,1502029,   ®û¾­ º¾»ñ¤,,13,120,141,2,3,2,DH,26,80,,63,SK-PH,, 9.2 ,,358,, 120 ,100%,E. 51-100,2014
15,15,2,1502,30,030,1502030,   ®û¾­ ¯½ª¾ù¤,,34,327,154,2,3,2,DH,26,93,,63,SK-PH,, 9.6 ,,359,, 327 ,100%,E. 51-100,2014
15,15,2,1502,32,032,1502032,   ®û¾­ ¡ñ­©º­,,26,131,58,2,3,,DH,26,,,65,SK-PH,, 5.0 ,,360,, 131 ,100%,E. 51-100,2014
15,15,2,1502,33,033,1502033,   ®û¾­ ª½´ð,,29,229,103,2,3,,DH,26,65,,63,SK-PH,, 7.9 ,,361,, 229 ,100%,E. 51-100,2014
15,15,2,1502,35,035,1502035,   ®û¾­ ª½­ô¤Œ¸¾¤,,52,265,127,2,3,,DH,26,35,,57,SK-PH,, 5.1 ,,362,, 265 ,100%,E. 51-100,2014
15,15,2,1502,36,036,1502036,   ®û¾­ Â©­,,20,126,56,2,3,,DH,26,62,,45,SK-PH,, 6.3 ,,363,, 126 ,100%,D. 21-50,2014
15,15,2,1502,37,037,1502037,   ®û¾­ Äì¯ð,,28,197,103,2,3,,DH,26,67,,50,SK-PH,, 7.0 ,,364,, 197 ,100%,E. 51-100,2014
15,15,2,1502,38,038,1502038,   ®û¾­ Â¯´,,29,207,109,2,3,,DH,26,70,,53,SK-PH,, 7.1 ,,365,, 207 ,100%,E. 51-100,2014
15,15,2,1502,39,039,1502039,   ®û¾­ Âì½­Éº¨,,30,184,92,2,3,,DH,26,75,,60,SK-PH,, 6.1 ,,366,, 184 ,100%,E. 51-100,2014
15,15,2,1502,40,040,1502040,   ®û¾­ Âì½Ã¹È¨,,40,336,140,2,3,,DH,26,79,,61,SK-PH,, 8.4 ,,367,, 336 ,100%,E. 51-100,2014
15,15,2,1502,43,043,1502043,   ®û¾­ ª½ì÷¨,,35,236,132,2,3,,DH,26,,,80,SK-PH,, 6.7 ,,368,, 236 ,100%,E. 51-100,2014
15,15,2,1502,45,045,1502045,   ®û¾­ Â¯ë½ŒÁì´Œ¦½º¾¤,,22,151,152,2,3,,DH,26,,,80,SK-PH,, 6.9 ,,369,, 151 ,100%,E. 51-100,2014
15,15,2,1502,46,046,1502046,   ®û¾­ º¾ìº¤Œº¾À¯,,39,279,157,2,3,,DH,26,18,,65,SK-PH,, 7.2 ,,370,, 279 ,100%,E. 51-100,2014
15,15,2,1502,47,047,1502047,   ®É¾­ ºø¤,,26,231,99,2,3,,DH,26,,,62,SK-PH,, 8.9 ,,371,, 231 ,100%,E. 51-100,2014
15,15,2,1502,48,048,1502048,   ®û¾­ º¾À¨õº¤Œº¾À¸ó­,,44,341,81,2,3,,DH,26,,,63,SK-PH,, 7.8 ,,372,, 341 ,100%,E. 51-100,2014
15,15,2,1502,49,049,1502049,   ®û¾­ Â®®ò¤Œª½ìº¤,,27,326,173,2,3,,DH,26,8,,67,SK-PH,, 12.1 ,,373,, 326 ,100%,E. 51-100,2014
15,15,2,1502,50,050,1502050,   ®û¾­ ¯½Àì,,49,216,104,2,3,,DH,26,,,102,SK-PH,, 4.4 ,,374,, 216 ,100%,F. 100+,2014
15,15,2,1502,54,054,1502054,û   ®É¾­ º¾Âì©,,36,239,139,2,3,,DH,26,91,,63,SK-PH,, 6.6 ,,375,, 239 ,100%,E. 51-100,2014
15,15,2,1502,62,062,1502062,   ®û¾­ Â¡ù,,62,305,104,2,3,,JJL-HC,26a,8,,100,SK-PH,, 4.9 ,,376,, 305 ,100%,E. 51-100,2014
15,15,2,1502,64,064,1502064,   ®û¾­ ¡òº¸¤Œº¾Áª¤,,18,120,98,2,3,,DH,26,12,,93,SK-PH,, 6.7 ,,377,, 120 ,100%,E. 51-100,2014
15,15,2,1502,66,066,1502066,   ®û¾­ º¾¥ò¤Œº¾À¡¸,,49,219,103,2,3,,DH,26,,,97,SK-PH,, 4.5 ,,378,, 219 ,100%,E. 51-100,2014
15,15,2,1502,67,067,1502067,   ®û¾­ ¥½Àªó,,35,201,62,2,3,,DH,26,,,190,SK-PH,, 5.7 ,,379,, 201 ,100%,F. 100+,2014
15,15,2,1502,68,068,1502068,   ®û¾­ ª½¸¾¤,,33,186,85,2,3,,DH,26,87,,83,SK-PH,, 5.6 ,,380,, 186 ,100%,E. 51-100,2014
15,15,2,1502,70,070,1502070,   ®û¾­ ¯½­º­,,18,138,53,2,3,,DH,26,,,93,SK-PH,, 7.7 ,,381,, 138 ,100%,E. 51-100,2014
15,15,2,1502,71,071,1502071,   ®û¾­ ìò¤,,21,232,126,2,3,,JL-HC,26a,25,,40,SK-PH,, 11.0 ,,382,, 232 ,100%,D. 21-50,2014
15,15,2,1502,72,072,1502072,   ®û¾­ ªñ¤¡¾©,,37,168,94,2,3,,JL-HC,26a,18,,48,SK-PH,, 4.5 ,,383,, 168 ,100%,D. 21-50,2014
15,15,2,1502,73,073,1502073,   ®û¾­ «ÕÀ©ñ¤,,40,219,131,2,3,,DH,26,18,,15,SK-PH,, 5.5 ,,384,, 219 ,100%,C. 11-20,2014
15,15,2,1502,75,075,1502075,   ®û¾­ µô®,,40,393,165,2,3,,DH,26,96,,58,SK-PH,, 9.8 ,,385,, 393 ,100%,E. 51-100,2014
15,15,2,1502,76,076,1502076, ®û¾­ ª¾­¾¤Œª¾¹ò©Œº¾§¸¤,,43,275,154,2,3,,DH,26,87,,75,SK-PH,, 6.4 ,,386,, 275 ,100%,E. 51-100,2014
15,15,2,1502,77,077,1502077,   ®û¾­ º¾¤¸©,,40,228,67,2,3,,DH,26,,,85,SK-PH,, 5.7 ,,387,, 228 ,100%,E. 51-100,2014
15,15,2,1502,80,080,1502080,   ®û¾­ ªñ¤¯ùò­,,55,372,191,2,3,,DH,26,,,65,SK-PH,, 6.8 ,,388,, 372 ,100%,E. 51-100,2014
15,15,2,1502,81,081,1502081,   ®É¾­ º¾ëº¡,,11,58,105,2,3,,DH,26,,,91,SK-PH,, 5.3 ,,389,, 58 ,100%,E. 51-100,2014
15,15,2,1502,82,082,1502082,   ®û¾­ ¥½À¡ó¨²øŒì½¡¾¨,,44,231,99,2,3,1,DH,26,8,,14,SK-PH,, 5.3 ,,390,, 231 ,100%,C. 11-20,2014
15,15,2,1502,83,083,1502083,®û¾­º¾Àë¾½Ã¹È¨Œº¾Àë¾½­Éº¨,,59,238,55,2,3,,DH,26,,,88,SK-PH,, 4.0 ,,391,, 238 ,100%,E. 51-100,2014
15,15,2,1502,84,084,1502084,   ®û¾­ º¾®õ­,,33,180,92,2,3,,DH,26,,,100,SK-PH,, 5.5 ,,392,, 180 ,100%,E. 51-100,2014
15,15,3,1503,1,001,1503001,    ®û¾­ ®ëº¤Ã¹È¨,,27,234,167,2,3,,DH,27,,,100,SK-PH,, 8.7 ,,209,, 234 ,100%,E. 51-100,2014
15,15,3,1503,2,002,1503002,    ®û¾­ ®ëº¤­Éº¨,,59,395,55,2,3,,DH,27,,,100,SK-PH,, 6.7 ,,210,, 395 ,100%,E. 51-100,2014
15,15,3,1503,3,003,1503003,    ®û¾­ ©¾¡¯½ÀÎò,,25,214,94,2,3,,DH,27,,,105,SK-PH,, 8.6 ,,211,, 214 ,100%,F. 100+,2014
15,15,3,1503,5,005,1503005,    ®û¾­ ©¾¡ªë¾¤,,29,148,105,2,3,,DH,27,,,36,SK-PH,, 5.1 ,,212,, 148 ,100%,D. 21-50,2014
15,15,3,1503,6,006,1503006,    ®û¾­ ©¾¡´÷¤,,26,188,75,2,3,,DH,27,,,42,SK-PH,, 7.2 ,,213,, 188 ,100%,D. 21-50,2014
15,15,3,1503,7,007,1503007,    ®û¾­ ©¾¡´ó,,24,166,82,2,3,,DH,27,,,36,SK-PH,, 6.9 ,,214,, 166 ,100%,D. 21-50,2014
15,15,3,1503,8,008,1503008,    ®û¾­ ©¾¡À¡û,,52,345,93,2,3,,DH,27,,,50,SK-PH,, 6.6 ,,215,, 345 ,100%,E. 51-100,2014
15,15,3,1503,9,009,1503009,    ®û¾­ ¸ñ¤ìó,,,,27,2,3,,DH,27,,,50,SK-PH,,#DIV/0!,,216,,0,#DIV/0!,E. 51-100,2014
15,15,3,1503,12,012,1503012,    ®û¾­ ©¾¡¡¿,,,,64,2,3,,DH,27,,,65,SK-PH,,#DIV/0!,,217,,0,#DIV/0!,E. 51-100,2014
15,15,3,1503,14,014,1503014,    ®û¾­ À¯¤µ¾,,,,68,2,3,,DH,27,,,42,SK-PH,,#DIV/0!,,218,,0,#DIV/0!,D. 21-50,2014
15,15,3,1503,15,015,1503015,    ®û¾­ ©¾¡§¿,,,,41,2,3,,DH,27,,,43,SK-PH,,#DIV/0!,,219,,0,#DIV/0!,D. 21-50,2014
15,15,3,1503,17,017,1503017,    ®û¾­ Àªëó®,,82,627,269,2,3,,XL,27a,,,35,SK-PH,, 7.6 ,,220,, 627 ,100%,D. 21-50,2014
15,15,3,1503,18,018,1503018,    ®û¾­ ©¾¡»¾¨,,24,147,67,2,3,,DD,27c,,,24,SK-PH,, 6.1 ,,221,, 147 ,100%,D. 21-50,2014
15,15,3,1503,20,020,1503020,    ®û¾­ ©¾¡µº¨Œ©¾¡µó¤,,30,162,74,2,3,,DD,27c,,,25,SK-PH,, 5.4 ,,222,, 162 ,100%,D. 21-50,2014
15,15,3,1503,21,021,1503021,    ®û¾­ ¦¼¤¹ì¸¤,,65,458,232,2,3,,XL-HC,27a,0,,39,SK-PH,, 7.0 ,,223,, 458 ,100%,D. 21-50,2014
15,15,3,1503,22,022,1503022,    ®û¾­ ©¾¡ª½ºº¡­Éº¨,,30,194,99,2,3,,XL,27a,,,11,SK-PH,, 6.5 ,,224,, 194 ,100%,C. 11-20,2014
15,15,3,1503,23,023,1503023,    ®û¾­ ©¾¡Â©´,,29,258,133,2,3,,XL,27a,,,16,SK-PH,, 8.9 ,,225,, 258 ,100%,C. 11-20,2014
15,15,3,1503,25,025,1503025,    ®û¾­ ©¾¡»÷,,,,82,2,3,,DH,27,,,18,SK-PH,,#DIV/0!,,226,,0,#DIV/0!,C. 11-20,2014
15,15,3,1503,26,026,1503026,    ®û¾­ ©¾¡´¸­,,50,340,152,2,3,,DM-HC,27b,0,,7,SK-PH,, 6.8 ,,227,, 340 ,100%,B. 4-10,2014
15,15,3,1503,27,027,1503027,    ®û¾­ ©¾¡´ñ­,,27,168,77,2,3,,XL,27a,,,18,SK-PH,, 6.2 ,,228,, 168 ,100%,C. 11-20,2014
15,15,3,1503,28,028,1503028,    ®û¾­ ©¾¡ª½ºº¡Ã¹È¨,,35,251,114,2,3,,XL,27a,,,16,SK-PH,, 7.2 ,,229,, 251 ,100%,C. 11-20,2014
15,15,3,1503,33,033,1503033,    ®û¾­ ©¾¡µëñ¤­Éº¨,,30,183,83,2,3,,DH,27,,,28,SK-PH,, 6.1 ,,230,, 183 ,100%,D. 21-50,2014
15,15,3,1503,34,034,1503034,    ®û¾­ ©¾¡¯¾­,,39,267,206,2,3,,DH,27,,,101,SK-PH,, 6.8 ,,231,, 267 ,100%,F. 100+,2014
15,15,3,1503,35,035,1503035,   ®û¾­ ªñ¤Àµó¤,,191,869,224,2,3,,DH,27,,,68,SK-PH,, 4.5 ,,232,, 869 ,100%,E. 51-100,2014
15,15,3,1503,36,036,1503036,   ®û¾­ ªñ¤Â®ë¤,,280,1818,478,2,3,,DH,27,,,73,SK-PH,, 6.5 ,,233,,1818,100%,E. 51-100,2014
15,15,3,1503,38,038,1503038,   ®û¾­ ©¾¡ìôŒªñ¤ìø,,49,280,131,2,3,,DH,27,,,32,SK-PH,, 5.7 ,,234,, 280 ,100%,D. 21-50,2014
15,15,3,1503,40,040,1503040,   ®û¾­ ¯ë¾¸,,24,143,71,2,3,,DH,27,,,35,SK-PH,, 6.0 ,,235,, 143 ,100%,D. 21-50,2014
15,15,3,1503,41,041,1503041,   ®û¾­ Ä¡ÈÂì,,38,341,168,2,3,,DH,27,,,72,SK-PH,, 9.0 ,,236,, 341 ,100%,E. 51-100,2014
15,15,3,1503,44,044,1503044,   ®û¾­ ©¾¡¯º¤,,40,208,90,2,3,,DH,27,,,69,SK-PH,, 5.2 ,,237,, 208 ,100%,E. 51-100,2014
15,15,3,1503,45,045,1503045,   ®û¾­ ©¾¡¥¾¤,,58,236,103,2,3,,DH,27,,SK-PH,73,SK-PH,, 4.1 ,,238,, 236 ,100%,E. 51-100,2014
15,15,3,1503,49,049,1503049,   ®û¾­ ªñ¤´ó,,42,197,96,2,3,,DH,27,,SK-PH,23,SK-PH,, 4.7 ,,239,, 197 ,100%,D. 21-50,2014
15,15,3,1503,50,050,1503050,   ®û¾­ ¡º­µö¤,,26,233,115,2,3,,DH,27,,SK-PH,29,SK-PH,, 9.0 ,,240,, 233 ,100%,D. 21-50,2014
15,15,3,1503,51,051,1503051,   ®û¾­ ©¾¡©¼¤,,35,214,41,2,3,,DH,27,,,18,SK-PH,, 6.1 ,,241,, 214 ,100%,C. 11-20,2014
15,15,3,1503,53,053,1503053,   ®û¾­ ©¾¡®ë¾¤,,30,222,47,2,3,,XL,27a,,,35,SK-PH,, 7.4 ,,242,, 222 ,100%,D. 21-50,2014
15,15,3,1503,54,054,1503054,   ®û¾­ ©¾¡À©ó­,,29,195,106,2,3,,XL,27a,,SK-PH,24,SK-PH,, 6.7 ,,243,, 195 ,100%,D. 21-50,2014
15,15,3,1503,57,057,1503057,   ®û¾­ ©¾¡¥¾¡,,22,191,92,2,3,,XL,27a,,,34,SK-PH,, 8.7 ,,244,, 191 ,100%,D. 21-50,2014
15,15,3,1503,58,058,1503058,   ®û¾­ ©¾¡ª¼´,,85,549,268,2,3,,XL,27a,,,51,SK-PH,, 6.5 ,,245,, 549 ,100%,E. 51-100,2014
15,15,3,1503,60,060,1503060,   ®û¾­ ©¾¡À¦ñ¤,,55,294,131,2,3,,XL,27a,,,42,SK-PH,, 5.3 ,,246,, 294 ,100%,D. 21-50,2014
15,15,3,1503,61,061,1503061,   ®û¾­ ©¾¡¥ô¤,,42,232,108,2,3,,DH,27,,DH,1,SK-PH,, 5.5 ,,247,, 232 ,100%,A. 0-3,2014
15,15,3,1503,62,062,1503062,   ®û¾­ ©¾¡®º¤,,22,128,64,2,3,,DH,27,,DH,1.5,SK-PH,, 5.8 ,,248,, 128 ,100%,A. 0-3,2014
15,15,3,1503,63,063,1503063,   ®û¾­ ¤º­©º­,,26,197,92,2,3,,DH,27,,DH,2,SK-PH,, 7.6 ,,249,, 197 ,100%,A. 0-3,2014
15,15,3,1503,64,064,1503064,   ®û¾­ À¡‰¾,,136,774,339,2,1,,DH,27,,DH,1,SK-PH,, 5.7 ,,250,1, 31 ,4%,A. 0-3,2014
15,15,3,1503,67,067,1503067,   ®û¾­ Â­­¦½¹ñ¸­,,69,454,197,2,1,,DH,27,,DH,0,SK-PH,, 6.6 ,,251,1, 27 ,6%,A. 0-3,2014
15,15,3,1503,68,068,1503068,   ®û¾­ ª¾¤ª½ìñ¤,,77,430,208,2,3,,DH,27,,,49,SK-PH,, 5.6 ,,252,, 430 ,100%,D. 21-50,2014
15,15,3,1503,70,070,1503070,   ®û¾­ ªñ¤Àµó¨,,92,352,194,2,3,,DH,27,,,45,SK-PH,, 3.8 ,,253,, 352 ,100%,D. 21-50,2014
15,15,3,1503,71,071,1503071,   ®û¾­ ª¾¤Â­¤,,34,225,93,2,3,,DH,27,,,49,SK-PH,, 6.6 ,,254,, 225 ,100%,D. 21-50,2014
15,15,3,1503,76,076,1503076,   ®û¾­ ¦¾¤ÃÏú,,34,200,130,2,3,,DH,27,,,32,SK-PH,, 5.9 ,,255,, 200 ,100%,D. 21-50,2014
15,15,3,1503,82,082,1503082,   ®û¾­ ©¾¡Ä¸,,,,99,2,3,,DH,27,,,20,SK-PH,,#DIV/0!,,256,,0,#DIV/0!,C. 11-20,2014
15,15,3,1503,84,084,1503084,   ®û¾­ ©¾¡©ð,,71,462,225,2,3,,DD,27c,,,20,SK-PH,, 6.5 ,,257,, 462 ,100%,C. 11-20,2014
15,15,3,1503,86,086,1503086,   ®û¾­ ©¾¡À©ñ­,,69,424,145,2,3,,DD,27c,,,13,SK-PH,, 6.1 ,,258,, 424 ,100%,C. 11-20,2014
15,15,3,1503,89,089,1503089,   ®û¾­ ©¾¡¦¼¤,,19,185,89,2,3,,XL,27a,,,17,SK-PH,, 9.7 ,,259,, 185 ,100%,C. 11-20,2014
15,15,3,1503,90,090,1503090,   ®û¾­ ªö¤§¼¤,,27,214,96,2,3,,DH,27,,,8,SK-PH,, 7.9 ,,260,, 214 ,100%,B. 4-10,2014
15,15,3,1503,91,091,1503091,   ®û¾­ ©¾¡©ô­,,35,201,108,2,3,,DD-HC,27c,0,,12,SK-PH,, 5.7 ,,261,, 201 ,100%,C. 11-20,2014
15,15,3,1503,92,092,1503092,   ®û¾­ ©¾¡¦¾,,31,170,68,2,3,,DH,27,,,17,SK-PH,, 5.5 ,,262,, 170 ,100%,C. 11-20,2014
15,15,3,1503,93,093,1503093,    ®û¾­ £ø­Ä§,,29,124,102,2,3,,DH,27,,,12,SK-PH,, 4.3 ,,263,, 124 ,100%,C. 11-20,2014
15,15,3,1503,94,094,1503094,   ®É¾­ .Îº¤®÷,,27,146,67,2,3,,DH,27,,,4,SK-PH,, 5.4 ,,264,, 146 ,100%,B. 4-10,2014
15,15,3,1503,95,095,1503095,    ®û¾­©¾¡­Èº¨,,22,178,73,2,3,,DH,27,,,12,SK-PH,, 8.1 ,,265,, 178 ,100%,C. 11-20,2014
15,15,3,1503,96,096,1503096,    ®û¾­ ©¾¡¯¿,,24,187,87,2,3,,DH,27,,,4,SK-PH,, 7.8 ,,266,, 187 ,100%,B. 4-10,2014
15,15,3,1503,97,097,1503097,    ®û¾­ ©¾¡§¸¤,,38,257,124,2,3,,DH,27,,,6,SK-PH,, 6.8 ,,267,, 257 ,100%,B. 4-10,2014
15,15,3,1503,98,098,1503098,    ®û¾­ ©¾¡Àºó¨,,52,275,124,2,3,,DH,27,,,14,SK-PH,, 5.3 ,,268,, 275 ,100%,C. 11-20,2014
15,15,3,1503,99,099,1503099,    ®û¾­ ¤º­®ñ­,,13,83,43,2,3,,DH,27,,,14,SK-PH,, 6.4 ,,269,, 83 ,100%,C. 11-20,2014
15,15,3,1503,100,100,1503100,    ®û¾­ ´ñ¤»¾Ã¹¨È,,58,387,194,2,3,,DH,27,,,12,SK-PH,, 6.7 ,,270,, 387 ,100%,C. 11-20,2014
15,15,3,1503,102,102,1503102,    ®û¾­ º¾µø­,,63,288,116,2,3,,DH,27,,,24,SK-PH,, 4.6 ,,271,, 288 ,100%,D. 21-50,2014
15,15,3,1503,105,105,1503105,    ®û¾­ ©¾¡¸¾¤,,35,153,84,2,3,,DH,27,,,8,SK-PH,, 4.4 ,,272,, 153 ,100%,B. 4-10,2014
15,15,3,1503,106,106,1503106,    ®û¾­ ªñ¤µøë¤,,26,143,76,2,3,,DH,27,,,40,SK-PH,, 5.5 ,,273,, 143 ,100%,D. 21-50,2014
15,15,3,1503,109,109,1503109,    ®û¾­ ¹¾ºº©,,16,187,76,2,3,,XL,27a,,,48,SK-PH,, 11.7 ,,274,, 187 ,100%,D. 21-50,2014
15,15,3,1503,110,110,1503110,    ®É¾­ §¼¤ÃÏú,,27,246,121,2,3,,XL,27a,,XL-HC,59,SK-PH,, 9.1 ,,275,, 246 ,100%,E. 51-100,2014
15,15,3,1503,111,111,1503111,    ®û¾­ ©¾¡©÷¤,,38,288,142,2,3,,DH,27,,,58,SK-PH,, 7.6 ,,276,, 288 ,100%,E. 51-100,2014
15,15,3,1503,112,112,1503112,    ®û¾­ ©¾¡¡ñ¤,,17,68,50,2,3,,DH,27,,,45,SK-PH,, 4.0 ,,277,, 68 ,100%,D. 21-50,2014
15,15,3,1503,113,113,1503113,    ®û¾­ ¥½ìò¤,,78,502,238,2,3,,DH,27,20,XL-HC,59,SK-PH,, 6.4 ,,278,, 502 ,100%,E. 51-100,2014
15,15,3,1503,114,114,1503114,    ®û¾­ ©¾¡Àì,,30,146,71,2,3,,DH,27,,,29,SK-PH,, 4.9 ,,279,, 146 ,100%,D. 21-50,2014
15,15,3,1503,115,115,1503115,    ®û¾­ ©¾¡ªëó¤,,21,112,61,2,3,,DH,27,,,29,SK-PH,, 5.3 ,,280,, 112 ,100%,D. 21-50,2014
15,15,3,1503,116,116,1503116,    ®û¾­ ©¾¡´º¤Ã¹¨È,,23,160,31,2,3,,DH,27,,DH,30,SK-PH,, 7.0 ,,281,, 160 ,100%,D. 21-50,2014
15,15,3,1503,117,117,1503117,    ®û¾­ ©¾¡´º¤­ºÉ¨,,,,40,2,3,,DH,27,,DH,26,SK-PH,,#DIV/0!,,282,,0,#DIV/0!,D. 21-50,2014
15,15,3,1503,120,120,1503120,    ®û¾­ ©¾¡©ñ­Œ»¾¡ŒÀ©ó¨,,42,219,110,2,3,,DH,27,,DH,19,SK-PH,, 5.2 ,,283,, 219 ,100%,C. 11-20,2014
15,15,3,1503,121,121,1503121,    ®û¾­ ©¾¡µ¾¤,,23,222,109,2,3,,XL,27a,,,41,SK-PH,, 9.7 ,,284,, 222 ,100%,D. 21-50,2014
15,15,3,1503,122,122,1503122,    ®û¾­ ©¾¡µëó,,,,72,2,3,,DH,27,,,100,SK-PH,,#DIV/0!,,285,,0,#DIV/0!,E. 51-100,2014
15,15,3,1503,123,123,1503123,    ®û¾­ ªñ¤À¯õº¤,,17,70,36,2,3,,DH,27,,,24,SK-PH,, 4.1 ,,286,, 70 ,100%,D. 21-50,2014
15,15,3,1503,124,124,1503124,    ®û¾­ ©¾¡Àëó­,,25,185,93,2,3,,DH,27,,DH,12,SK-PH,, 7.4 ,,287,, 185 ,100%,C. 11-20,2014
15,15,3,1503,125,125,1503125,    ®û¾­ Îº¤¨õ­,,92,547,224,2,1,,DH,27,,DH,0.5,SK-PH,, 5.9 ,,288,1, 52 ,10%,A. 0-3,2014
15,15,3,1503,127,127,1503127,    ®û¾­ ©¾¡¸ð,,47,354,164,2,3,,DH,27,,DH,12,SK-PH,, 7.5 ,,289,, 354 ,100%,C. 11-20,2014
15,15,3,1503,129,129,1503129,    ®û¾­ ©¾¡§¼¤ B,,30,145,80,2,3,,DH,27,,,36,SK-PH,, 4.8 ,,290,, 145 ,100%,D. 21-50,2014
15,15,3,1503,130,130,1503130,    ®û¾­ ©¾¡¹¸¾¨,,61,450,92,2,3,,XL,27a,,,32,SK-PH,, 7.4 ,,291,, 450 ,100%,D. 21-50,2014
15,15,3,1503,131,131,1503131,    ®û¾­ ©¾¡ëñ­,,53,339,138,2,3,,DH,27,,DH,12,SK-PH,, 6.4 ,,292,, 339 ,100%,C. 11-20,2014
15,15,4,1504,1,001,1504001,  ®û¾­ êÈ¾Áª¤ÀÎõº,,398,1415,778,2,2,1,DH,20,0,THT-DH,9,SK-PH,48, 3.6 ,,393,1, 75 ,5%,B. 4-10,2014
15,15,4,1504,2,002,1504002,  ®û¾­ Á¦­ÀÎõº,,57,307,146,2,2,1,NN-HC,21,3,THT-DH,11.5,SK-PH,48, 5.4 ,,394,, 49 ,16%,C. 11-20,2014
15,15,4,1504,3,003,1504003,  ®û¾­ ¹É¸¨§¾¨,,318,1800,834,2,2,1,DH,20,0,THT-DH,0.3,SK-PH,48, 5.7 ,,395,1, 117 ,7%,A. 0-3,2014
15,15,4,1504,4,004,1504004,  ®û¾­ ¹ö¸À§,,398,2135,771,2,2,1,DH,20,4,THT-DH,4,SK-PH,48, 5.4 ,,396,1, 126 ,6%,B. 4-10,2014
15,15,4,1504,5,005,1504005,  ®û¾­ Îº¤Àìö¾,,,,243,2,2,1,DH,20,5,THT-DH,5,SK-PH,48,#DIV/0!,,397,,0,#DIV/0!,B. 4-10,2014
15,15,4,1504,6,006,1504006,  ®û¾­ Îº¤­ö¡,,104,579,287,2,2,1,NN-HC,21,4,THT-DH,10,SK-PH,48, 5.6 ,,398,, 122 ,21%,B. 4-10,2014
15,15,4,1504,7,007,1504007,  ®û¾­ ¡½¯õ,,198,1013,478,2,2,1,NN-HC,21,0,THT-DH,10,SK-PH,48, 5.1 ,,399,, 95 ,9%,B. 4-10,2014
15,15,4,1504,9,009,1504009,  ®û¾­ Á¦­ÃªÉ,,43,245,130,2,2,1,NN-HC,21,3,THT-DH,12.6,SK-PH,48, 5.7 ,,400,, 63 ,26%,C. 11-20,2014
15,15,4,1504,10,010,1504010,  ®û¾­ À¡¾½ì½¡¾¤,,92,489,240,2,2,1,NN-HC,21,3,THT-DH,13.2,SK-PH,48, 5.3 ,,401,, 95 ,19%,C. 11-20,2014
15,15,4,1504,11,011,1504011,  ®û¾­ À¡¾½¹ö¸²ø,,116,589,283,2,2,1,NN-HC,21,3,THT-DH,16.1,SK-PH,48, 5.1 ,,402,, 75 ,13%,C. 11-20,2014
15,15,4,1504,12,012,1504012,  ®û¾­ ìó¡,,108,570,248,2,2,1,NN-HC,21,4,THT-DH,13.5,SK-PH,48, 5.3 ,,403,, 130 ,23%,C. 11-20,2014
15,15,4,1504,13,013,1504013,  ®û¾­ ¥½Í¾´Ã¹¨È,,51,396,197,2,2,1,NN-HC,21,6,THT-DH,15.3,SK-PH,48, 7.8 ,,404,, 117 ,30%,C. 11-20,2014
15,15,4,1504,14,014,1504014,  ®û¾­ ¥½Í¾´À¡‰¾,,68,367,139,2,2,1,NN-HC,21,6,THT-DH,16.5,SK-PH,48, 5.4 ,,405,, 182 ,50%,C. 11-20,2014
15,15,4,1504,15,015,1504015,  ®û¾­ ¡¿¡º¡,,322,1859,888,2,2,1,NN-HC,21,6,THT-DH,12,SK-PH,48, 5.8 ,,406,, 272 ,15%,C. 11-20,2014
15,15,4,1504,16,016,1504016,  ®û¾­ ¥½¡¿ÃÏÈÈ,,49,293,123,2,2,1,NN-HC,21,4,THT-DH,14,SK-PH,48, 6.0 ,,407,, 81 ,28%,C. 11-20,2014
15,15,4,1504,18,018,1504018,  ®û¾­ ¥½¡¿Ã¹¨È,,114,519,282,2,2,1,JL-HC,24,2,THT-DH,15,SK-PH,48, 4.6 ,,408,, 30 ,6%,C. 11-20,2014
15,15,4,1504,19,019,1504019,  ®û¾­ ¥÷­ì¾,,300,1336,672,2,2,1,JL-HC,24,0,THT-DH,18,SK-PH,48, 4.5 ,,409,, 71 ,5%,C. 11-20,2014
15,15,4,1504,20,020,1504020,  ®û¾­ ¯È¾ÄìÈ,,77,540,254,2,2,1,JL-HC,24,0.3,THT-DH,21.2,SK-PH,48, 7.0 ,,410,, 238 ,44%,D. 21-50,2014
15,15,4,1504,21,021,1504021,  ®û¾­ ¨ö¡ê‰¤,,151,855,428,2,2,1,JL-HC,24,6,THT-DH,24.6,SK-PH,48, 5.7 ,,411,, 51 ,6%,D. 21-50,2014
15,15,4,1504,22,022,1504022,   ®É¾­ ¥½¡÷©,,,,208,2,2,1,JL-HC,24,2,THT-DH,20.5,SK-PH,48,#DIV/0!,,412,,0,#DIV/0!,D. 21-50,2014
15,15,4,1504,23,023,1504023,  ®û¾­ ¡½À³,,75,434,220,2,2,1,JL-HC,24,4,THT-DH,22.4,SK-PH,48, 5.8 ,,413,, 77 ,18%,D. 21-50,2014
15,15,4,1504,24,024,1504024,  ®û¾­ ¡ö¡Ä»,,69,376,172,2,2,1,JL-HC,24,6,THT-DH,24.2,SK-PH,48, 5.4 ,,414,, 51 ,14%,D. 21-50,2014
15,15,4,1504,26,026,1504026,  ®û¾­ Âê­­Éº¨ÃªÉ,,129,830,208,2,2,1,TN-HC,25,0,THT-DH,25.3,SK-PH,48, 6.4 ,,415,, 82 ,10%,D. 21-50,2014
15,15,4,1504,27,027,1504027,  ®û¾­ Âê­­Éº¨ÀÎõº,,,,154,2,2,1,TN-HC,25,1,THT-DH,25,SK-PH,48,#DIV/0!,,416,,0,#DIV/0!,D. 21-50,2014
15,15,4,1504,28,028,1504028,  ®û¾­ Â­­¦¿²ñ­,,40,226,106,2,2,1,NN-HC,25,5,THT-DH,26.3,SK-PH,48, 5.7 ,,417,, 41 ,18%,D. 21-50,2014
15,15,4,1504,29,029,1504029,  ®û¾­ ¦½«ö¸ÀÎõº,,50,258,123,2,2,1,TN-HC,25,3,THT-DH,13.8,SK-PH,48, 5.2 ,,418,, 61 ,24%,C. 11-20,2014
15,15,4,1504,30,030,1504030,  ®û¾­ ¦½«ö¸ÃªÉ,,96,531,264,2,2,1,TN-HC,25,5,THT-DH,28.6,SK-PH,48, 5.5 ,,419,, 79 ,15%,D. 21-50,2014
15,15,4,1504,31,031,1504031,  ®û¾­ ¹É¸¨Áì,,,,75,2,2,1,TN-HC,25,3,THT-DH,31.7,SK-PH,48,#DIV/0!,,420,,0,#DIV/0!,D. 21-50,2014
15,15,4,1504,32,032,1504032,  ®û¾­ Âê­Ã¹È¨ÃÏÈ,,54,357,106,2,2,1,TN-HC,25,3,THT-DH,31,SK-PH,48, 6.6 ,,421,, 146 ,41%,D. 21-50,2014
15,15,4,1504,33,033,1504033,  ®û¾­ ¥÷¤»÷¤ÀÎõº,,78,372,193,2,2,1,TN-HC,25,3,THT-DH,28,SK-PH,48, 4.8 ,,422,, 67 ,18%,D. 21-50,2014
15,15,4,1504,34,034,1504034,  ®É¾­ ¥÷¤»÷¤ÃªÉ,,41,262,109,2,2,1,TN-HC,25,5,THT-DH,30.3,SK-PH,48, 6.4 ,,423,, 134 ,51%,D. 21-50,2014
15,15,4,1504,35,035,1504035,  ®É¾­ ê‰¤¨¾¸,,112,644,307,2,2,2,TV-HC,22,4,THT-DH,25.7,SK-PH,48, 5.8 ,,424,, 72 ,11%,D. 21-50,2014
15,15,4,1504,36,036,1504036,  ®û¾­ ê‰¤Â¡¤,,81,554,264,2,2,2,TV-HC,22,4,THT-DH,25.9,SK-PH,48, 6.8 ,,425,, 105 ,19%,D. 21-50,2014
15,15,4,1504,37,037,1504037,  ®û¾­ ê‰¤¹¸¾¨,,244,1581,796,2,2,2,TV-HC,22,0,THT-DH,22.3,SK-PH,48, 6.5 ,,426,, 105 ,7%,D. 21-50,2014
15,15,4,1504,38,038,1504038,  ®û¾­ ©º­§¾,,137,1031,460,2,2,1,TV-HC,22,6,THT-DH,18,SK-PH,48, 7.5 ,,427,, 81 ,8%,C. 11-20,2014
15,15,4,1504,39,039,1504039,  ®û¾­ ¯½Á¹ù¤ÀÎõº,,92,545,291,2,2,1,KP-HC,23,6,THT-DH,4,SK-PH,48, 5.9 ,,428,1, 16 ,3%,B. 4-10,2014
15,15,4,1504,40,040,1504040,  ®û¾­ ¯½Á¹ì¤ÃªÉ,,45,275,135,2,2,1,KP-HC,23,1.5,THT-DH,6,SK-PH,48, 6.1 ,,429,1, 31 ,11%,B. 4-10,2014
15,15,4,1504,41,041,1504041,  ®û¾­ ¯ö¤ÃªÉ,,50,322,161,2,2,1,KP-HC,23,2,THT-DH,5.2,SK-PH,48, 6.4 ,,430,1, 35 ,11%,B. 4-10,2014
15,15,4,1504,42,042,1504042,  ®û¾­ ¯ö¤ÀÎõº,,99,574,260,2,2,1,KP-HC,23,3,THT-DH,4.1,SK-PH,48, 5.8 ,,431,1, 49 ,9%,B. 4-10,2014
15,15,4,1504,43,043,1504043,  ®û¾­ ¡ö¡²÷¤ÀÎõº,,66,375,197,2,2,1,KP-HC,23,0,THT-DH,7.5,SK-PH,48, 5.7 ,,432,, 50 ,13%,B. 4-10,2014
15,15,4,1504,44,044,1504044,  ®û¾­ ¡ö¡²÷¤À¡‰¾,,108,852,208,2,2,1,KP-HC,23,3,THT-DH,10.4,SK-PH,48, 7.9 ,,433,, 86 ,10%,C. 11-20,2014
15,15,4,1504,45,045,1504045,  ®û¾­ ¡ö¡²÷¤Ã¹È¨,,,,221,2,2,1,KP-HC,23,3,THT-DH,10.7,SK-PH,48,#DIV/0!,,434,,0,#DIV/0!,C. 11-20,2014
15,15,4,1504,46,046,1504046,  ®û¾­ ª÷É´¨ð,,57,332,167,2,2,1,KP-HC,23,7,THT-DH,14.9,SK-PH,48, 5.8 ,,435,, 76 ,23%,C. 11-20,2014
15,15,4,1504,47,047,1504047,  ®û¾­ ª½¡¼¸,,97,500,243,2,2,1,KP-HC,23,6,THT-DH,13.1,SK-PH,48, 5.2 ,,436,, 86 ,17%,C. 11-20,2014
15,15,4,1504,48,048,1504048,  ®û¾­ Î‡­¡¾¤,,70,387,187,2,2,1,KP-HC,23,2,THT-DH,9.8,SK-PH,48, 5.5 ,,437,, 24 ,6%,B. 4-10,2014
15,15,4,1504,49,049,1504049,  ®û¾­ Î‡­ÃÏÈ,,51,312,163,2,2,1,KP-HC,23,6,THT-DH,5.5,SK-PH,48, 6.1 ,,438,, 30 ,10%,B. 4-10,2014
15,15,4,1504,50,050,1504050,  ®û¾­ Îº¤®ö¸Ã¦,,46,253,122,2,2,1,DH,20,4,THT-DH,4.2,SK-PH,48, 5.5 ,,439,, 49 ,19%,B. 4-10,2014
15,15,4,1504,51,051,1504051,  ®û¾­ ¯½Í¾¨,,61,457,199,2,2,1,TN-HC,25,1,THT-DH,24.6,SK-PH,48, 7.5 ,,440,, 166 ,36%,D. 21-50,2014
15,15,4,1504,54,054,1504054,  ®û¾­ ¡ñ­©º­,,207,1054,489,2,2,1,JL-HC,24,3,THT-DH,21,SK-PH,48, 5.1 ,,441,, 85 ,8%,D. 21-50,2014
15,15,4,1504,56,056,1504056,  ®û¾­ ¥½¡¿ìò©,,23,120,53,2,2,1,NN-HC,21,3,THT-DH,15.4,SK-PH,48, 5.2 ,,442,, 53 ,44%,C. 11-20,2014
15,15,4,1504,57,057,1504057,  ®û¾­ êÈ¾Áª¤ÃªÉ,,299,1498,740,2,2,1,DH,20,1,THT-DH,1,SK-PH,48, 5.0 ,,443,, 124 ,8%,A. 0-3,2014
15,15,4,1504,58,058,1504058,  ®û¾­ ¸¾¤ÃÏÈ,,74,527,213,2,2,1,NN-HC,21,7,THT-DH,17,SK-PH,48, 7.1 ,,444,, 224 ,43%,C. 11-20,2014
15,15,4,1504,59,059,1504059,  ®û¾­ ¦½êô,,118,241,104,2,2,1,JL-HC,24,9,THT-DH,27.4,SK-PH,48, 2.0 ,,445,, 56 ,23%,D. 21-50,2014
15,15,4,1504,60,060,1504060,  ®û¾­ µô®ÃÏÈ,,83,391,168,2,2,1,JL-HC,24,7,THT-DH,25.5,SK-PH,48, 4.7 ,,446,, 54 ,14%,D. 21-50,2014
15,15,4,1504,61,061,1504061,  ®û¾­ ¡ö¤ª¾µø­,,314,1553,748,2,2,1,DH,20,3,THT-DH,3,SK-PH,48, 4.9 ,,447,, 59 ,4%,A. 0-3,2014
15,15,4,1504,62,062,1504062,  ®û¾­ ¹ùñ¡¢¾¸,,121,572,231,2,2,1,DH,20,6,THT-DH,6,SK-PH,48, 4.7 ,,448,, 60 ,10%,B. 4-10,2014
15,15,4,1504,63,063,1504063,  ®É¾­ Îº¤¡ñ­,,186,958,236,2,2,1,TV-HC,22,8,THT-DH,17,SK-PH,48, 5.2 ,,449,, 223 ,23%,C. 11-20,2014
15,15,4,1504,64,064,1504064,  ®É¾­ º¾»ñ¤,,,,185,2,2,3,TV-HC,22,10,THT-DH,16,SK-PH,48, 12.9 ,,450,,0,#DIV/0!,C. 11-20,2014
16,16,8,1608,1,001,1608001, ¦÷¢÷´¾,,641,4118,2061,1,1,3,DH-Zone,38,,SKM,0,CPS,80, 6.4 ,,1,1, 39 ,1%,A. 0-3,2014
16,16,8,1608,3,003,1608003, êñ®¥¾´,,156,975,481,1,1,3,DH-Zone,38,,SKM,2,CPS,82, 6.3 ,,2,1, 75 ,8%,A. 0-3,2014
16,16,8,1608,4,004,1608004, £÷©-ª½®ø­,,160,720,356,1,1,3,DH-Zone,38,,SKM,3,CPS,83, 4.5 ,,3,1, 40 ,6%,A. 0-3,2014
16,16,8,1608,5,005,1608005, ì¾©,,180,1102,556,1,1,2,DH-Zone,38,,SKM,4,CPS,84, 6.1 ,,4,, 135 ,12%,B. 4-10,2014
16,16,8,1608,6,006,1608006, Â²­À°š¤,,78,647,279,1,1,3,DH-Zone,38,,SKM,3,CPS,83, 8.3 ,,5,1, 72 ,11%,A. 0-3,2014
16,16,8,1608,7,007,1608007, ®ö¡,,130,759,441,1,1,3,DH-Zone,38,,SKM,4,CPS,84, 5.8 ,,6,, 130 ,17%,B. 4-10,2014
16,16,8,1608,8,008,1608008, ´È¸¤,,75,423,231,1,1,2,DH-Zone,38,,SKM,8,CPS,88, 5.6 ,,7,, 100 ,24%,B. 4-10,2014
16,16,8,1608,9,009,1608009, Â£¡¦½¹È¸¾¤,,75,455,219,1,1,2,DH-Zone,38,,SKM,11,CPS,91, 6.1 ,,8,, 46 ,10%,C. 11-20,2014
16,16,8,1608,10,010,1608010, ¯¾¡Ò,,132,838,408,1,1,3,DH-Zone,38,,SKM,6,CPS,86, 6.3 ,,9,, 90 ,11%,B. 4-10,2014
16,16,8,1608,11,011,1608011, Â²­,,43,237,123,1,1,2,DH-Zone,38,,SKM,4,CPS,84, 5.5 ,,10,, 11 ,5%,B. 4-10,2014
16,16,8,1608,12,012,1608012, ®¾¡,,86,584,293,1,1,3,DH-Zone,38,,SKM,10,CPS,90, 6.8 ,,11,, 88 ,15%,B. 4-10,2014
16,16,8,1608,13,013,1608013, ¦¾´¢¾,,252,1507,759,1,1,3,DH-Zone,38,,SKM,5,CPS,85, 6.0 ,,12,, 84 ,6%,B. 4-10,2014
16,16,8,1608,14,014,1608014, Â£¡Îº¤®ö¸,,46,238,118,1,1,3,DH-Zone,38,,SKM,3,CPS,83, 5.2 ,,13,, 34 ,14%,A. 0-3,2014
16,16,8,1608,15,015,1608015, ­¾´½Â¤½,,85,475,236,1,1,2,DH-Zone,38,,SKM,10,CPS,90, 5.6 ,,14,, 122 ,26%,B. 4-10,2014
16,16,8,1608,17,017,1608017, ¹É¸¨Á¹È,,388,2536,1172,1,1,3,DH-Zone,38,,SKM,13,CPS,93, 6.5 ,,15,, 60 ,2%,C. 11-20,2014
16,16,8,1608,18,018,1608018, ®÷È¤Á¡É¸,,355,1769,903,1,1,3,DH-Zone,38,,SKM,8,CPS,88, 5.0 ,,16,, 6 ,0%,B. 4-10,2014
16,16,8,1608,19,019,1608019, ©ö¤¹ö¸®É¾­,,100,622,330,1,1,3,OT,42,,SKM,10,CPS,90, 6.2 ,,17,, 31 ,5%,B. 4-10,2014
16,16,8,1608,20,020,1608020, êÈ¾Á¦¤,,128,874,447,1,1,3,OT,42,,SKM,13,CPS,93, 6.8 ,,18,, 25 ,3%,C. 11-20,2014
16,16,8,1608,21,021,1608021, êÈ¾Â²¦ó,,48,309,160,1,1,3,OT,42,,SKM,15,CPS,95, 6.4 ,,19,, 33 ,11%,C. 11-20,2014
16,16,8,1608,22,022,1608022, ¯¾¡É¸¨,,186,1190,612,1,1,3,OT,42,,SKM,17,CPS,97, 6.4 ,,20,, 29 ,2%,C. 11-20,2014
16,16,8,1608,23,023,1608023, ¡ö¤¡¸¼­,,63,398,204,1,1,3,DH-Zone,38,,SKM,3,CPS,83, 6.3 ,,21,1, 78 ,20%,A. 0-3,2014
16,16,8,1608,24,024,1608024, êÈ¾©È¾­,,67,384,199,1,1,2,DH-Zone,38,,SKM,5,CPS,85, 5.7 ,,22,, 46 ,12%,B. 4-10,2014
16,16,8,1608,25,025,1608025, ©ö¤¨¾¤,,73,509,271,1,1,2,OT,42,,SKM,12,CPS,92, 7.0 ,,23,, 30 ,6%,C. 11-20,2014
16,16,8,1608,26,026,1608026, ÃÏú¸ñ¤Ï¾¡Á§¸,,268,1539,810,1,1,2,OT,42,,SKM,8,CPS,88, 5.7 ,,24,, 21 ,1%,B. 4-10,2014
16,16,8,1608,27,027,1608027, º÷ê÷´ÃÏú,,393,2219,1136,1,1,2,OT,42,,SKM,18,CPS,98, 5.6 ,,25,, 73 ,3%,C. 11-20,2014
16,16,8,1608,29,029,1608029, ¹ö¸©º­Ä§,,145,795,483,1,1,2,OT,42,,SKM,17,CPS,97, 5.5 ,,26,, 30 ,4%,C. 11-20,2014
16,16,8,1608,30,030,1608030, Ï¾¡´š,,65,441,222,1,1,2,OT,42,,SKM,19,CPS,99, 6.8 ,,27,, 21 ,5%,C. 11-20,2014
16,16,8,1608,31,031,1608031, ¹¾©©º­Ä§,,84,646,320,1,1,2,OT,42,,SKM,18,CPS,98, 7.7 ,,28,, 18 ,3%,C. 11-20,2014
16,16,8,1608,32,032,1608032, ¡º¡,,129,892,448,1,1,3,OT,42,,SKM,17,CPS,97, 6.9 ,,29,, 51 ,6%,C. 11-20,2014
16,16,8,1608,33,033,1608033, ªø´­Éº¨,,54,563,192,1,1,2,OT,42,,SKM,24,CPS,104, 10.4 ,,30,, 29 ,5%,D. 21-50,2014
16,16,8,1608,34,034,1608034, ªø´Ã¹È¨,,59,363,179,1,1,2,OT,42,,SKM,24,CPS,104, 6.2 ,,31,, 29 ,8%,D. 21-50,2014
16,16,8,1608,35,035,1608035, Â­­¨¾¤,,253,1602,758,1,1,3,DH-Zone,38,,SKM,17,CPS,97, 6.3 ,,32,, 61 ,4%,C. 11-20,2014
16,16,8,1608,36,036,1608036, ¹¾©ê‰¤(¦¾´¯¾´),,319,1870,952,1,1,3,NPV-HC,39,,SKM,20,CPS,100, 5.9 ,,33,, 68 ,4%,C. 11-20,2014
16,16,8,1608,37,037,1608037, ©º­¡º¤,,80,509,269,1,1,2,NPV-HC,39,,SKM,19,CPS,99, 6.4 ,,34,, 128 ,25%,C. 11-20,2014
16,16,8,1608,38,038,1608038, ©º­£º¡¤ö¸,,113,556,267,1,1,2,NPV-HC,39,,SKM,20,CPS,100, 4.9 ,,35,, 35 ,6%,C. 11-20,2014
16,16,8,1608,39,039,1608039, ¨¾¤¦¾¸,,82,343,172,1,1,3,NPV-HC,39,,SKM,23,CPS,103, 4.2 ,,36,, 66 ,19%,D. 21-50,2014
16,16,8,1608,41,041,1608041, Á¦­À´õº¤,,406,2086,1107,1,1,3,NPV-HC,39,,SKM,25,CPS,105, 5.1 ,,37,, 80 ,4%,D. 21-50,2014
16,16,8,1608,42,042,1608042, Â­­Á©¤ÀÏõº,,357,1961,943,1,1,3,NPV-HC,39,,SKM,36,CPS,116, 5.5 ,,38,, 72 ,4%,D. 21-50,2014
16,16,8,1608,43,043,1608043, ¹¼¤,,425,2412,1177,1,1,3,Hieng-HC,40,,SKM,28,CPS,108, 5.7 ,,39,, 72 ,3%,D. 21-50,2014
16,16,8,1608,44,044,1608044, ©º­¹¸¾¨,,126,696,373,1,1,3,NPV-HC,39,,SKM,18,CPS,98, 5.5 ,,40,, 45 ,6%,C. 11-20,2014
16,16,8,1608,45,045,1608045, Ïº¤²ñ­¸ö¤,,119,574,281,1,1,3,NPV-HC,39,,SKM,19,CPS,99, 4.8 ,,41,, 25 ,4%,C. 11-20,2014
16,16,8,1608,46,046,1608046, ¹É¸¨À°š¤,,82,451,214,1,1,3,Hieng-HC,40,,SKM,35,CPS,115, 5.5 ,,42,, 59 ,13%,D. 21-50,2014
16,16,8,1608,47,047,1608047, Â­­²½À¥í¾,,141,858,430,1,1,2,NPV-HC,39,,SKM,20,CPS,100, 6.1 ,,43,, 101 ,12%,C. 11-20,2014
16,16,8,1608,48,048,1608048, ¯¾¡§É¾¤,,150,1008,857,1,1,3,Hieng-HC,40,,SKM,20,CPS,100, 6.7 ,,44,, 110 ,11%,C. 11-20,2014
16,16,8,1608,49,049,1608049, °ñ¡-ªö®,,94,521,278,1,1,2,DH-Zone,38,,SKM,7,CPS,87, 5.5 ,,45,, 96 ,18%,B. 4-10,2014
16,16,8,1608,50,050,1608050, ¦¿¹ì¼¤,,177,1108,551,1,1,2,NC-HC,41,,SKM,11,CPS,91, 6.3 ,,46,, 76 ,7%,C. 11-20,2014
16,16,8,1608,51,051,1608051, ­¾-¥¾­,,163,1001,510,1,1,2,NC-HC,41,,SKM,13,CPS,93, 6.1 ,,47,, 109 ,11%,C. 11-20,2014
16,16,8,1608,52,052,1608052, Á¦­-¦÷¡,,65,401,208,1,1,3,NC-HC,41,,SKM,47,CPS,127, 6.2 ,,48,, 125 ,31%,D. 21-50,2014
16,16,8,1608,53,053,1608053, Â£¡-¡Èº¤,,253,1165,569,1,1,2,Hieng-HC,40,,SKM,45,CPS,125, 4.6 ,,49,, 108 ,9%,D. 21-50,2014
16,16,8,1608,54,054,1608054, Á§ ,,135,652,311,1,1,2,Hieng-HC,40,,SKM,21,CPS,101, 4.8 ,,50,, 134 ,21%,D. 21-50,2014
16,16,8,1608,55,055,1608055, Â­­£÷É´,,82,420,212,1,1,2,NC-HC,41,,SKM,25,CPS,105, 5.1 ,,51,, 142 ,34%,D. 21-50,2014
16,16,8,1608,56,056,1608056, Â­­-Àºœº¤,,94,529,258,1,1,2,NC-HC,41,,SKM,29,CPS,109, 5.6 ,,52,, 104 ,20%,D. 21-50,2014
16,16,8,1608,57,057,1608057, Â­­-Á©¤-ÄªÉ,,221,1073,540,1,1,2,NC-HC,41,,SKM,20,CPS,100, 4.9 ,,53,, 72 ,7%,C. 11-20,2014
16,16,8,1608,58,058,1608058, ¹É¸¨-Ä°È,,216,1312,669,1,1,2,DH-Zone,38,,SKM,5,CPS,85, 6.1 ,,54,, 111 ,8%,B. 4-10,2014
16,16,8,1608,59,059,1608059, Â­­-Ä²,,53,301,152,1,1,2,NC-HC,41,,SKM,25,CPS,105, 5.7 ,,55,, 90 ,30%,D. 21-50,2014
16,16,8,1608,60,060,1608060, êÈ¾Í¸¤,,89,441,219,1,1,2,Hieng-HC,40,,SKM,26,CPS,106, 5.0 ,,56,, 136 ,31%,D. 21-50,2014
